entry_id,country,institution_current,collection_title_or_search_entry,date_range,subject_scope,stated_count,relationship_phrase,physical_structure,source_url,unit_level,production_period,subject_cluster,commercial_or_institutional,circulation_mode,count_namespace,historical_actor_role,analysis_review,analysis_basis
UK-SMG-EDMUND-WHEELER-HUMAN-12,UK,Science Museum Group,"Box containing 12 microscope slides comprised of human remains",1860-1884,"human remains; anatomy; pathology","12 microscope slides","prepared by; held by","boxed 12-slide set",https://collection.sciencemuseumgroup.org.uk/objects/co8422078/box-containing-12-microscope-slides-comprised-of-human-remains,bounded_set,mid_19c_1840_1869,medical_histology_pathology,institutional_teaching_research,retained_without_explicit_transfer,physical_slide_count,preparer_mounter_producer;institutional_custodian_cataloguer,,"Derived only from frozen catalogue wording. Low-confidence fields: none. Medium-confidence fields: commercial_or_institutional, circulation_mode."
UK-SMG-ARTHUR-COLE-24-1867,UK,Science Museum Group,"Case containing 24 microscope slides comprised of human and animal specimens",1867,"human and animal histology; pathology; anatomy","24 microscope slides","prepared by; held by","case containing 24 slides; child records numbered under 1876-1172",https://collection.sciencemuseumgroup.org.uk/objects/co8422077/case-containing-24-microscope-slides-comprised-of-human-and-animal-specimens,bounded_set,mid_19c_1840_1869,medical_histology_pathology,unclear,retained_without_explicit_transfer,physical_slide_count,preparer_mounter_producer;institutional_custodian_cataloguer,REVIEW,"Derived only from frozen catalogue wording. Low-confidence fields: commercial_or_institutional. Medium-confidence fields: circulation_mode."
US-OHSU-MEDICAL-MUSEUM-94-1880-1900,US,Oregon Health & Science University,"Microscope slides in a case, Medical Museum Collection Box 42","ca. 1880-1900; donated 1976","anatomy; pathology; medical specimens","approximately 94 specimen slides","donated by; held by","wooden chest divided into four sections; each slide labelled",https://digitalcollections.ohsu.edu/record/4487,named_collection,mixed_19c_plus_20c,medical_histology_pathology,institutional_teaching_research,gift_donation_presentation,physical_slide_count,donor_bequeather_depositor;institutional_custodian_cataloguer,,"Derived only from frozen catalogue wording. Low-confidence fields: none. Medium-confidence fields: unit_level, commercial_or_institutional."
US-NMAH-BOURGOGNE-SLIDE-SET,US,Smithsonian National Museum of American History,"Microscope Slides, Bourgogne-inscribed set","nineteenth century; Joseph Bourgogne ca. 1810-after 1879","prepared microscope slides; diagnostic medicine; exhibition-awarded mounts","set preserved in two boxes; exact slide count to enumerate from record/images","attributed to; held by","two boxes",https://americanhistory.si.edu/collections/object/nmah_723375,bounded_set,spans_19c_periods,medical_histology_pathology,unclear,retained_without_explicit_transfer,unstated_or_unresolved,institutional_custodian_cataloguer;attributed_or_uncertain,REVIEW,"Derived only from frozen catalogue wording. Low-confidence fields: commercial_or_institutional. Medium-confidence fields: production_period, circulation_mode."
UK-WHIPPLE-PRITCHARD-CASE-1840-1870,UK,"Whipple Museum of the History of Science, University of Cambridge","Case of microscope slides, some by Pritchard","1840-1870; purchased by museum 1978","mostly botanical preparations; commercial and homemade slides","large assortment across three lift-out trays; exact count unstated","attributed to; sold by; held by","brass-bound mahogany box; three lift-out trays; broken slides and slide papers retained",https://collections.whipplemuseum.cam.ac.uk/objects/13828,container_assemblage,spans_19c_periods,botany,commercial_trade,sale_purchase,unstated_or_unresolved,publisher_distributor_seller;institutional_custodian_cataloguer;attributed_or_uncertain,,"Derived only from frozen catalogue wording. Low-confidence fields: none. Medium-confidence fields: production_period, commercial_or_institutional."
UK-WHIPPLE-WHEELER-MARS-1876,UK,"Whipple Museum of the History of Science, University of Cambridge","Microscope slide, microphotograph of two views of Mars","circa 1876; earliest 1870 latest 1876","microphotography; astronomy; commercial slide trade","1 slide","prepared by; sold by; held by","single glass slide with two paper labels",https://collections.whipplemuseum.cam.ac.uk/objects/14938,single_slide,late_19c_1870_1899,microphotography_optical_media,commercial_trade,sale_purchase,physical_slide_count,preparer_mounter_producer;publisher_distributor_seller;institutional_custodian_cataloguer,,"Derived only from frozen catalogue wording. Low-confidence fields: none. Medium-confidence fields: commercial_or_institutional."
UK-STANDREWS-ARTHUR-COLE-SLIDES,UK,University of St Andrews,"Arthur C. Cole zoological microscope slides","Cole 1821-1900; prize-medal slides from 1867 onward","diatoms; histology; commercial and research mounts","group count to enumerate from child records","prepared by; purchased by; held by","slides retained within Bell-Pettigrew hierarchy; set/number labels common",https://collections.st-andrews.ac.uk/collections/collection/arthur-c-cole-zoological-microscope-slides/2101750,named_collection,spans_19c_periods,diatoms_phycology,hybrid,sale_purchase,unstated_or_unresolved,preparer_mounter_producer;buyer_recipient_donee;institutional_custodian_cataloguer,CHECK,"Derived only from frozen catalogue wording. Low-confidence fields: none. Medium-confidence fields: unit_level, production_period, circulation_mode, count_namespace."
UK-STANDREWS-FREDERIC-ENOCK-SLIDES,UK,University of St Andrews,"Frederic Enock zoological microscope slides","mounting career began 1870; own business from 1878","whole insects; Mymaridae; commercial preparations","group count to enumerate from child records","prepared by; purchased by; held by","slides left in situ scattered among original slide sleeves",https://collections.st-andrews.ac.uk/collections/collection/frederic-enock-zoological-microscope-slides/2101748,named_collection,late_19c_1870_1899,entomology_arthropods,hybrid,sale_purchase,unstated_or_unresolved,preparer_mounter_producer;buyer_recipient_donee;institutional_custodian_cataloguer,,"Derived only from frozen catalogue wording. Low-confidence fields: none. Medium-confidence fields: unit_level, circulation_mode, count_namespace."
UK-STANDREWS-JT-NORMAN-SLIDES,UK,University of St Andrews,"John Thomas Norman zoological microscope slides","business opened 1846; prize medal 1862; catalogue 1872; Norman died 1893","commercial prepared slides across diverse subjects","group count to enumerate; 1872 catalogue offered 2,584 mounts","prepared by; purchased by; held by","slides in box AST1029.25; derived from 15-drawer cabinet used by successive generations",https://collections.st-andrews.ac.uk/collections/collection/john-thomas-norman-zoological-microscope-slides/2101749,named_collection,spans_19c_periods,general_mixed_microscopy,hybrid,sale_purchase,unstated_or_unresolved,preparer_mounter_producer;buyer_recipient_donee;institutional_custodian_cataloguer,CHECK,"Derived only from frozen catalogue wording. Low-confidence fields: none. Medium-confidence fields: unit_level, production_period, subject_cluster, circulation_mode, count_namespace."
UK-STANDREWS-CHARLES-COLLINS-SLIDES,UK,University of St Andrews,"Charles Collins zoological microscope slides","Collins 1851-1932; fish skin/scales slides dated 1884","commercial slides; fish skin and scales; reseller-labelled mounts","group count to enumerate; fish skin and scales set dated 1884","prepared by; purchased by; held by","slides retained within Bell-Pettigrew hierarchy",https://collections.st-andrews.ac.uk/collections/collection/charles-collins-zoological-microscope-slides/2101751,named_collection,late_19c_1870_1899,zoology_invertebrates,hybrid,sale_purchase,unstated_or_unresolved,preparer_mounter_producer;buyer_recipient_donee;institutional_custodian_cataloguer,,"Derived only from frozen catalogue wording. Low-confidence fields: none. Medium-confidence fields: unit_level, circulation_mode, count_namespace."
UK-RMG-HERSCHEL-CABINET-SLIDES-1880,UK,Royal Museums Greenwich,"Microscope slides from Herschel family 15-drawer cabinet","two slides dated 1880; cabinet family context nineteenth century","experimental microscopic specimens; crystalline carbon; family scientific practice","3 mounted microscopic specimens in this object; two dated 1880; cabinet context has 15 drawers","assembled by; used by; held by","slides retained within Herschel family cabinet context",https://www.rmg.co.uk/collections/objects/rmgc-object-260233,named_collection,late_19c_1870_1899,experimental_physical_science,personal_research_collection,retained_without_explicit_transfer,specimen_object_or_mixed_count,collector_assembler;user_researcher_teacher;institutional_custodian_cataloguer,,"Derived only from frozen catalogue wording. Low-confidence fields: none. Medium-confidence fields: unit_level, commercial_or_institutional, circulation_mode."
UK-SMG-MICROSCOPE-SLIDE-CABINET-1867-1900,UK,Science Museum Group,"Microscope Slides Cabinet Y2001.223","slides prepared 1867-1900; cabinet dated 1890-1900","mixed Victorian preparations; zoology; botany; geology","large collection; exact slide count to enumerate","prepared by various makers; grouped in; held by","wooden microscope slide cabinet; parts include Y2001.223/1 slide collection and accessories",https://collection.sciencemuseumgroup.org.uk/objects/co8614660/microscope-slides-cabinet,container_assemblage,mixed_19c_plus_20c,general_mixed_microscopy,institutional_teaching_research,retained_without_explicit_transfer,unstated_or_unresolved,preparer_mounter_producer;collector_assembler;institutional_custodian_cataloguer,,"Derived only from frozen catalogue wording. Low-confidence fields: none. Medium-confidence fields: subject_cluster, commercial_or_institutional, circulation_mode."
UK-WHIPPLE-CHARLES-ELCOCK-ARCHIVE-1872-1910,UK,"Whipple Museum of the History of Science, University of Cambridge","Charles Elcock microscope slide archive","1872-1910; strict nineteenth-century layer 1872-1899","mixed natural history; commercial and amateur microscopy","617 parts in cabinet 6601.1 plus multiple cabinets trays tools packets and documents","assembled by; used by; held by","large mahogany cabinet with 24 fitted drawers; second cabinet with 11 drawers; small 12-tray cabinet; loose tray; tools chemicals specimens and papers",https://collections.whipplemuseum.cam.ac.uk/objects/15311,mixed_parent_collection,mixed_19c_plus_20c,general_mixed_microscopy,institutional_teaching_research,retained_without_explicit_transfer,specimen_object_or_mixed_count,collector_assembler;user_researcher_teacher;institutional_custodian_cataloguer,,"Derived only from frozen catalogue wording. Low-confidence fields: none. Medium-confidence fields: subject_cluster, commercial_or_institutional, circulation_mode."
UK-NHM-HERON-ALLEN-FORAM-SLIDES-1873,UK,Natural History Museum London,"Heron-Allen foraminifera slide collection","collection specimens gathered 1873-1930s; strict nineteenth-century layer present","foraminifera; marine microscopy; taxonomic reference collection","740 slides; collection specimens gathered 1873-1930s","collected by; held by; catalogued by","microscope slides in foraminifera collection; item catalogue available",https://www.nhm.ac.uk/our-science/collections/palaeontology-collections/micropalaeontology-collections/foraminifera-collections.html,mixed_parent_collection,mixed_19c_plus_20c,foraminifera_protists,institutional_teaching_research,retained_without_explicit_transfer,current_or_mixed_period_aggregate;physical_slide_count,collector_assembler;institutional_custodian_cataloguer,,"Derived only from frozen catalogue wording. Low-confidence fields: none. Medium-confidence fields: commercial_or_institutional, circulation_mode, count_namespace."
US-NMAH-FASOLDT-MICROSCOPE-SLIDE-1884,US,Smithsonian National Museum of American History,"Fasoldt microscope test slide",1884,"microscope resolution test ruling; diagnostic medicine","1 catalogued example; object type also references batch of microscope slides","attributed to; held by","single microscope test slide",https://americanhistory.si.edu/collections/object/nmah_723377,single_slide,late_19c_1870_1899,medical_histology_pathology,unclear,retained_without_explicit_transfer,source_stated_quantity_other,institutional_custodian_cataloguer;attributed_or_uncertain,REVIEW,"Derived only from frozen catalogue wording. Low-confidence fields: commercial_or_institutional. Medium-confidence fields: circulation_mode."
UK-SMG-HORROCKS-HISTOLOGY-CABINET-209-1883,UK,Science Museum Group,"Horrocks histology cabinet",1883,"histology; medical microscopy; teaching","209 slides in one cabinet","prepared by; used by; held by","cabinet containing labelled histological slides",https://collection.sciencemuseumgroup.org.uk/search/objects?q=Horrocks%20microscope%20slides,named_collection,late_19c_1870_1899,medical_histology_pathology,institutional_teaching_research,retained_without_explicit_transfer,physical_slide_count,preparer_mounter_producer;user_researcher_teacher;institutional_custodian_cataloguer,,"Derived only from frozen catalogue wording. Low-confidence fields: none. Medium-confidence fields: unit_level, commercial_or_institutional, circulation_mode."
UK-SMG-HORROCKS-BOX-150-1860,UK,Science Museum Group,"Horrocks microscope slide box","circa 1860; later collected by museum","parasites; human histology; medical microscopy","150 slides in 10 trays","prepared by; collected later by; held by","wooden slide box with ten trays",https://collection.sciencemuseumgroup.org.uk/search/objects?q=Horrocks%20microscope%20slides,container_assemblage,mid_19c_1840_1869,medical_histology_pathology,institutional_teaching_research,retained_without_explicit_transfer,physical_slide_count;container_count_or_capacity,preparer_mounter_producer;institutional_custodian_cataloguer,,"Derived only from frozen catalogue wording. Low-confidence fields: none. Medium-confidence fields: commercial_or_institutional, circulation_mode, count_namespace."
US-YALE-LENTZ-MICROSCOPY-SLIDES-19C,US,Yale Peabody Museum,"Lentz Microscopy and Histology Collection historical slide layer","nineteenth-century layer within collection spanning c.1820-2008","microscopy; histology; teaching; historical instruments and preparations","over 4000 slides total including explicit nineteenth-century slides slide sets and cabinets","assembled by; held by","mixed microscopy/histology collection with slides sets cabinets and related material",https://peabody.yale.edu/explore/collections/history-science-technology/lentz-collection,mixed_parent_collection,spans_19c_periods,medical_histology_pathology,institutional_teaching_research,retained_without_explicit_transfer,current_or_mixed_period_aggregate;physical_slide_count,collector_assembler;institutional_custodian_cataloguer,,"Derived only from frozen catalogue wording. Low-confidence fields: none. Medium-confidence fields: production_period, commercial_or_institutional, circulation_mode, count_namespace."
UK-STANDREWS-MCINTOSH-SLIDES-1860,UK,University of St Andrews,"McIntosh microscope slides",1860-1931,"zoology; histology; university teaching","62 slides in the current mixed-period 1860-1931 group; nineteenth-century subtotal unresolved","assembled by; used by; held by","university teaching/research slide group",https://collections.st-andrews.ac.uk/collections/collection/mcintosh-zoological-microscope-slides/2101747,mixed_parent_collection,mixed_19c_plus_20c,zoology_invertebrates,institutional_teaching_research,retained_without_explicit_transfer,current_or_mixed_period_aggregate;physical_slide_count;unstated_or_unresolved,collector_assembler;user_researcher_teacher;institutional_custodian_cataloguer,CHECK,"Derived only from frozen catalogue wording. Low-confidence fields: none. Medium-confidence fields: commercial_or_institutional, circulation_mode, count_namespace."
UK-STANDREWS-NAPOLI-FRITZ-MEYER-SLIDES-1881,UK,University of St Andrews,"Stazione Zoologica Napoli / Fritz Meyer slides","1881 catalogue context; surviving group nineteenth century","marine zoology; teaching slides; station supply","surviving St Andrews group count to enumerate; 1881 station catalogue offered 423 different slides","purchased by; held by","group of station-prepared slides within teaching collection",https://collections.st-andrews.ac.uk/search/?q=Naples%20microscope%20slides,named_collection,late_19c_1870_1899,zoology_invertebrates,institutional_teaching_research,sale_purchase,unstated_or_unresolved,buyer_recipient_donee;institutional_custodian_cataloguer,,"Derived only from frozen catalogue wording. Low-confidence fields: none. Medium-confidence fields: unit_level, commercial_or_institutional, count_namespace."
UK-SMG-DANCER-MICROPHOTOGRAPHS-34-1853,UK,Science Museum Group,"John Benjamin Dancer microphotographs, 34-slide group",1853,"microphotography; commercial microscopy","34 microphotographs","prepared by; sold by; held by","glass-slide microphotographs",https://collection.sciencemuseumgroup.org.uk/search/objects?q=John%20Benjamin%20Dancer%20microphotographs,named_collection,mid_19c_1840_1869,microphotography_optical_media,commercial_trade,sale_purchase,mounted_media_count,preparer_mounter_producer;publisher_distributor_seller;institutional_custodian_cataloguer,,"Derived only from frozen catalogue wording. Low-confidence fields: none. Medium-confidence fields: unit_level, commercial_or_institutional."
UK-SMG-DANCER-MICROPHOTOGRAPHS-44-1860,UK,Science Museum Group,"John Benjamin Dancer microphotographs, 44-slide group","circa 1860","microphotography; commercial microscopy","44 microphotographs","prepared by; sold by; held by","glass-slide microphotographs",https://collection.sciencemuseumgroup.org.uk/search/objects?q=John%20Benjamin%20Dancer%20microphotographs,named_collection,mid_19c_1840_1869,microphotography_optical_media,commercial_trade,sale_purchase,mounted_media_count,preparer_mounter_producer;publisher_distributor_seller;institutional_custodian_cataloguer,,"Derived only from frozen catalogue wording. Low-confidence fields: none. Medium-confidence fields: unit_level, commercial_or_institutional."
UK-SMG-DANCER-MICROPHOTOGRAPHS-14-1860,UK,Science Museum Group,"John Benjamin Dancer microphotographs, 14-slide group","circa 1860","microphotography; commercial microscopy","14 microphotographs","prepared by; sold by; held by","glass-slide microphotographs",https://collection.sciencemuseumgroup.org.uk/search/objects?q=John%20Benjamin%20Dancer%20microphotographs,named_collection,mid_19c_1840_1869,microphotography_optical_media,commercial_trade,sale_purchase,mounted_media_count,preparer_mounter_producer;publisher_distributor_seller;institutional_custodian_cataloguer,,"Derived only from frozen catalogue wording. Low-confidence fields: none. Medium-confidence fields: unit_level, commercial_or_institutional."
NL-UMU-PHOEBUS-CINCHONA-150-1864,NL,Utrecht University Museum,"Phoebus cinchona microscope-slide set",1864,"botany; pharmacognosy; histology; teaching","150 slides in two sets: 125 plus 25","prepared by; purchased by; held by","two bounded botanical slide sets",https://umu.nl/collectie/microscopische-preparaten-van-kinabast,bounded_set,mid_19c_1840_1869,medical_histology_pathology,institutional_teaching_research,sale_purchase,physical_slide_count,preparer_mounter_producer;buyer_recipient_donee;institutional_custodian_cataloguer,,"Derived only from frozen catalogue wording. Low-confidence fields: none. Medium-confidence fields: commercial_or_institutional, circulation_mode."
AU-POWERHOUSE-BOX-19-SLIDES-1860,AU,Powerhouse Collection,"Box of 19 microscope slides","circa 1860","prepared biological and mineralogical slides; commercial microscopy","19 glass slides","prepared by; held by","box containing 19 glass slides",https://collection.powerhouse.com.au/object/255204,bounded_set,mid_19c_1840_1869,geology_petrography_palaeobotany,commercial_trade,retained_without_explicit_transfer,physical_slide_count,preparer_mounter_producer;institutional_custodian_cataloguer,,"Derived only from frozen catalogue wording. Low-confidence fields: none. Medium-confidence fields: commercial_or_institutional, circulation_mode."
US-FARLOW-CLEVE-MOLLER-DIATOMS-1877,US,"Farlow Herbarium, Harvard University","Cleve & Möller Diatoms Parts I-VI institutional copy",1877-1882,"diatoms; global specimen exchange; published exsiccatae","published serial range 1-324 across Parts I-VI; extant Farlow copy count not independently stated","prepared by; published by; distributed to; held by","numbered microscope-slide set containing material from many contributors",https://diatoms.hsites.harvard.edu/collections/cleve-moller-diatoms,bounded_set,late_19c_1870_1899,diatoms_phycology,published_distributed_set,exchange_distribution,serial_or_register_range,preparer_mounter_producer;publisher_distributor_seller;sender_exchanger_transporter;institutional_custodian_cataloguer,,"Derived only from frozen catalogue wording. Low-confidence fields: none. Medium-confidence fields: count_namespace."
US-FARLOW-EULENSTEIN-DIATOMACEARUM-1867,US,"Farlow Herbarium, Harvard University","Eulenstein Diatomacearum Species Typicae","1867 onward","diatoms; published exsiccatae; serial specimens","Farlow holds copies of Century I editions 1 and 2, each using serial range 1-100; 23 Century II slides are explicitly surviving and individually listed","prepared by; published by; distributed to; held by","published numbered slide series",https://diatoms.hsites.harvard.edu/collections/eulenstein-diatomacearum-species-typicae,named_collection,mid_19c_1840_1869,diatoms_phycology,published_distributed_set,exchange_distribution,serial_or_register_range;physical_slide_count,preparer_mounter_producer;publisher_distributor_seller;sender_exchanger_transporter;institutional_custodian_cataloguer,,"Derived only from frozen catalogue wording. Low-confidence fields: none. Medium-confidence fields: unit_level, count_namespace."
US-FARLOW-HL-SMITH-DIATOMACEARUM-1876,US,"Farlow Herbarium, Harvard University","Hamilton Lanphere Smith Diatomacearum Species Typicae","1876 onward","diatoms; published exsiccatae; serial specimens","published serial range 1-750: centuries I-VI use 1-600 and supplement 601-750; extant Farlow copy count not independently stated","prepared by; published by; distributed to; held by","published numbered slide series",https://diatoms.hsites.harvard.edu/collections/hamilton-lanphere-smith-diatomacearum-species-typicae,named_collection,late_19c_1870_1899,diatoms_phycology,published_distributed_set,exchange_distribution,serial_or_register_range,preparer_mounter_producer;publisher_distributor_seller;sender_exchanger_transporter;institutional_custodian_cataloguer,,"Derived only from frozen catalogue wording. Low-confidence fields: none. Medium-confidence fields: unit_level, count_namespace."
US-FARLOW-VAN-HEURCK-GRUNOW-TYPES-1882,US,"Farlow Herbarium, Harvard University","Van Heurck & Grunow Types du Synopsis des Diatomées de Belgique","1882 onward","diatoms; type slides; published distributed reference material","published serial range 1-550 across series I-XXII; extant Farlow copy count not independently stated","prepared by; published by; distributed to; held by","published numbered slide series",https://diatoms.hsites.harvard.edu/collections/van-heurck-grunow-types-du-synopsis-des-diatomees-de-belgique,named_collection,late_19c_1870_1899,diatoms_phycology,published_distributed_set,exchange_distribution,serial_or_register_range,preparer_mounter_producer;publisher_distributor_seller;sender_exchanger_transporter;institutional_custodian_cataloguer,,"Derived only from frozen catalogue wording. Low-confidence fields: none. Medium-confidence fields: unit_level, count_namespace."
US-FARLOW-KITTON-NORFOLK-DIATOMS-1885,US,"Farlow Herbarium, Harvard University","Frederick Kitton Norfolk Diatoms",1885,"diatoms; local reference series; published slides","published serial range 1-100 across series I-IV; extant Farlow copy count not independently stated","prepared by; published by; distributed to; held by","published numbered slide series",https://diatoms.hsites.harvard.edu/collections/kitton-norfolk-diatoms,named_collection,late_19c_1870_1899,diatoms_phycology,published_distributed_set,exchange_distribution,serial_or_register_range,preparer_mounter_producer;publisher_distributor_seller;sender_exchanger_transporter;institutional_custodian_cataloguer,,"Derived only from frozen catalogue wording. Low-confidence fields: none. Medium-confidence fields: unit_level, count_namespace."
UK-SMG-PRITCHARD-11-SLIDES-1835,UK,Science Museum Group,"Andrew Pritchard case of eleven microscope slides",1835,"microscopy; prepared objects; early commercial microscopy","11 microscope slides","prepared by; sold by; held by","small case containing eleven slides",https://collection.sciencemuseumgroup.org.uk/objects/co8410935/microscope-slides,bounded_set,early_19c_1800_1839,general_mixed_microscopy,commercial_trade,sale_purchase,physical_slide_count,preparer_mounter_producer;publisher_distributor_seller;institutional_custodian_cataloguer,,"Derived only from frozen catalogue wording. Low-confidence fields: none. Medium-confidence fields: subject_cluster, commercial_or_institutional."
UK-SMG-LANKESTER-MICROSCOPE-SLIDES-1852,UK,Science Museum Group,"Lankester microscope slides","1852 and later nineteenth-century use","microscopy; public health; water examination; cholera; scientific practice","at least one catalogued microscope slide plus a bag of square slides and a broken/corroded slide fragment","used by; held by","mixed surviving slide fragments and complete slide material",https://collection.sciencemuseumgroup.org.uk/search/objects?q=Lankester%20microscope%20slides,named_collection,mid_19c_1840_1869,medical_histology_pathology,institutional_teaching_research,retained_without_explicit_transfer,physical_slide_count,user_researcher_teacher;institutional_custodian_cataloguer,,"Derived only from frozen catalogue wording. Low-confidence fields: none. Medium-confidence fields: unit_level, commercial_or_institutional, circulation_mode."
UK-WHIPPLE-DANCER-WHEELER-CABINET-1850-1900,UK,"Whipple Museum of the History of Science, University of Cambridge","Dancer / Wheeler microscope slide cabinet",1850-1900,"microphotography; commercial microscopy; prepared slides","10-drawer cabinet; one signed EW set contains 16 slides; total cabinet count unstated","prepared by; assembled by; held by","ten-drawer slide cabinet with named subsets",https://collections.whipplemuseum.cam.ac.uk/search/?q=Dancer%20Wheeler%20slides,container_assemblage,mixed_19c_plus_20c,microphotography_optical_media,commercial_trade,retained_without_explicit_transfer,physical_slide_count;container_count_or_capacity;unstated_or_unresolved,preparer_mounter_producer;collector_assembler;institutional_custodian_cataloguer,CHECK,"Derived only from frozen catalogue wording. Low-confidence fields: none. Medium-confidence fields: commercial_or_institutional, circulation_mode, count_namespace."
UK-NMS-72-MICROSCOPE-SLIDES-LATE19C,UK,National Museums Scotland,"Box of seventy-two microscope slides T.1997.67.1-72","late nineteenth century","microscopy; natural-history/science collection context","72 microscope slides","held by; catalogued as subpoints","box of 72 slides",https://www.nms.ac.uk/explore-our-collections/collection-search-results/?item_id=,bounded_set,late_19c_1870_1899,general_mixed_microscopy,unclear,retained_without_explicit_transfer,physical_slide_count,institutional_custodian_cataloguer;other_explicit_role,REVIEW,"Derived only from frozen catalogue wording. Low-confidence fields: commercial_or_institutional. Medium-confidence fields: production_period, subject_cluster, circulation_mode."
US-FARLOW-JW-BAILEY-1200-SLIDES-1837,US,"Farlow Herbarium, Harvard University","Jacob Whitman Bailey Diatom Collection","1837 onward","diatoms; North American research; exchange network","about 1200 slides plus 400 dried samples","prepared by; collected by; exchanged with; bequeathed to; gifted to; held by","personal research collection organized in boxes and series",https://diatoms.hsites.harvard.edu/collections/jacob-whitman-bailey,named_collection,early_19c_1800_1839,diatoms_phycology,personal_research_collection,gift_donation_presentation;exchange_distribution,physical_slide_count;specimen_object_or_mixed_count,preparer_mounter_producer;collector_assembler;sender_exchanger_transporter;institutional_custodian_cataloguer,CHECK,"Derived only from frozen catalogue wording. Low-confidence fields: none. Medium-confidence fields: unit_level, commercial_or_institutional, count_namespace."
US-FARLOW-BSNH-MICROSCOPY-2000-1857,US,"Farlow Herbarium, Harvard University","Boston Society of Natural History diatom slide collection","1857 onward","diatoms; microscopy; institutional exchange","about 2000 slides plus 50 dried samples","assembled by; transferred to; held by","institutional collection of slides and dried material",https://diatoms.hsites.harvard.edu/collections/boston-society-natural-history,named_collection,mid_19c_1840_1869,diatoms_phycology,institutional_teaching_research,institutional_transfer_deposit,physical_slide_count;specimen_object_or_mixed_count,collector_assembler;institutional_custodian_cataloguer,CHECK,"Derived only from frozen catalogue wording. Low-confidence fields: none. Medium-confidence fields: unit_level, commercial_or_institutional, count_namespace."
UK-NHM-WILLIAM-SMITH-DIATOM-PREPS-1853,UK,Natural History Museum London,"William Smith diatom microscope-slide collection","before Smith's death 1857; major work 1853-1856","diatoms; British localities; taxonomic reference material","exact William Smith slide count to enumerate from Data Portal; museum-wide diatom slide total 150000 is mixed-period","prepared by; collected by; held by; catalogued by; digitised by","historical diatom slides within modern museum-wide diatom collection",https://www.nhm.ac.uk/our-science/collections/botany-collections/diatoms.html,mixed_parent_collection,mid_19c_1840_1869,diatoms_phycology,institutional_teaching_research,retained_without_explicit_transfer,current_or_mixed_period_aggregate;unstated_or_unresolved,preparer_mounter_producer;collector_assembler;institutional_custodian_cataloguer,CHECK,"Derived only from frozen catalogue wording. Low-confidence fields: none. Medium-confidence fields: commercial_or_institutional, circulation_mode, count_namespace."
UK-RCS-QUEKETT-2500-1846,UK,"Hunterian Museum, Royal College of Surgeons of England","John Thomas Quekett microscope-slide collection","1846 purchase; Quekett 1815-1861","histology; anatomy; pathology; zoology; microscopy","2500 microscopical preparations purchased by the College in 1846; current wider slide collection over 15000","prepared by; purchased by; held by","historical microscope preparations within later Hunterian slide collection",https://hunterianmuseum.org/collections/microscope-slides,mixed_parent_collection,mid_19c_1840_1869,medical_histology_pathology,institutional_teaching_research,sale_purchase,current_or_mixed_period_aggregate;preparation_or_thin_section_count,preparer_mounter_producer;buyer_recipient_donee;institutional_custodian_cataloguer,CHECK,"Derived only from frozen catalogue wording. Low-confidence fields: none. Medium-confidence fields: commercial_or_institutional, count_namespace."
UK-RCS-JOHN-TOMES-DENTAL-SLIDES-1838-1856,UK,"Hunterian Museum, Royal College of Surgeons of England","John Tomes dental microscope slides",1838-1856,"dental histology; comparative anatomy; tooth sections","selection survives; exact total unstated","prepared by; donated by; held by","historical dental slide selection",https://hunterianmuseum.org/collections/microscope-slides,named_collection,spans_19c_periods,medical_histology_pathology,institutional_teaching_research,gift_donation_presentation,unstated_or_unresolved,preparer_mounter_producer;donor_bequeather_depositor;institutional_custodian_cataloguer,,"Derived only from frozen catalogue wording. Low-confidence fields: none. Medium-confidence fields: unit_level, production_period, commercial_or_institutional."
UK-RCSED-CATHCART-MICROSCOPICAL-CUPBOARD-1890,UK,Royal College of Surgeons of Edinburgh,"Cathcart microscopical cupboard and preparation collection","1890 onward","pathology; histology; surgical teaching; microscopy","cupboard purchased in 1890 and stated to remain in use; slide/preparation count unstated","purchased by; used by; held by","microscopical cupboard retaining preparations",https://museum.rcsed.ac.uk/the-collections/pathology,mixed_parent_collection,late_19c_1870_1899,medical_histology_pathology,institutional_teaching_research,sale_purchase,unstated_or_unresolved,buyer_recipient_donee;user_researcher_teacher;institutional_custodian_cataloguer,,"Derived only from frozen catalogue wording. Low-confidence fields: none. Medium-confidence fields: commercial_or_institutional, count_namespace."
DE-MFN-EHRENBERG-8000-1876,DE,"Museum für Naturkunde Berlin","Christian Gottfried Ehrenberg microscopic-organism collection","nineteenth-century collection; transferred 1876","protists; diatoms; microorganisms; global collecting","approximately 8000 microscope preparations plus 5000 raw samples 3000 drawings and nearly 1000 letters","collected by; received by; held by","large personal research collection with preparations raw samples and documentary material",https://www.museumfuernaturkunde.berlin/en/museum/collection/ehrenberg-collection,named_collection,late_19c_1870_1899,foraminifera_protists,personal_research_collection,research_correspondence_sent,preparation_or_thin_section_count;specimen_object_or_mixed_count,collector_assembler;buyer_recipient_donee;institutional_custodian_cataloguer,CHECK,"Derived only from frozen catalogue wording. Low-confidence fields: none. Medium-confidence fields: production_period, unit_level, commercial_or_institutional, count_namespace."
DE-MFN-HUBRECHT-EMBRYOLOGY-LATE19C,DE,"Museum für Naturkunde Berlin","Hubrecht embryological microscope-slide layer","late nineteenth century within later collection","embryology; histology; comparative development","current aggregate Embryology Collection contains about 80000 histological preparations and over 3000 ethanol jars; Hubrecht nineteenth-century slide subtotal unresolved","prepared by; transferred from; held by","historical Hubrecht material within much larger current embryology collection",https://www.museumfuernaturkunde.berlin/en/science/collections/zoology/embryology,mixed_parent_collection,late_19c_1870_1899,embryology_cell_biology,institutional_teaching_research,institutional_transfer_deposit,current_or_mixed_period_aggregate;preparation_or_thin_section_count;specimen_object_or_mixed_count;unstated_or_unresolved,preparer_mounter_producer;institutional_custodian_cataloguer,CHECK,"Derived only from frozen catalogue wording. Low-confidence fields: none. Medium-confidence fields: production_period, commercial_or_institutional, count_namespace."
US-OHC-SULLIVANT-CABINET-19C,US,Ohio History Connection,"Sullivant microscope slide cabinet","nineteenth century","botany; bryology; microscopy; cabinet collection","slide count unstated; cabinet has nine porcelain-handled drawers","assembled by; held by","nine-drawer slide cabinet",https://ohiohistory.on.worldcat.org/oclc/1298426954,container_assemblage,19c_unspecified,botany,personal_research_collection,retained_without_explicit_transfer,container_count_or_capacity;unstated_or_unresolved,collector_assembler;institutional_custodian_cataloguer,CHECK,"Derived only from frozen catalogue wording. Low-confidence fields: none. Medium-confidence fields: commercial_or_institutional, circulation_mode, count_namespace."
UK-MANCHESTER-CHAFFERS-DIATOM-CABINETS-1895-1904,UK,Manchester Museum,"Sydney Chaffers diatom cabinets",1895-1904,"diatoms; taxonomy; local and global specimens","collection housed in six cabinets; exact slide total not recovered from current source","assembled by; held by","six cabinets of diatom slides",https://www.manchester.ac.uk/discover/news/diatoms-under-the-microscope/,mixed_parent_collection,mixed_19c_plus_20c,diatoms_phycology,institutional_teaching_research,retained_without_explicit_transfer,container_count_or_capacity;unstated_or_unresolved,collector_assembler;institutional_custodian_cataloguer,,"Derived only from frozen catalogue wording. Low-confidence fields: none. Medium-confidence fields: commercial_or_institutional, circulation_mode, count_namespace."
UK-SMG-DANCER-COMPOUND-MICROSCOPE-SLIDES-C1860,UK,Science Museum Group,"Dancer compound microscope with associated slides","circa 1860","microscopy; instrument use; prepared slides","slide subset present; exact count unstated","prepared by; used by; held by","microscope assemblage with associated prepared slides",https://collection.sciencemuseumgroup.org.uk/search/objects?q=Dancer%20compound%20microscope,named_collection,mid_19c_1840_1869,general_mixed_microscopy,institutional_teaching_research,retained_without_explicit_transfer,unstated_or_unresolved,preparer_mounter_producer;user_researcher_teacher;institutional_custodian_cataloguer,,"Derived only from frozen catalogue wording. Low-confidence fields: none. Medium-confidence fields: unit_level, subject_cluster, commercial_or_institutional, circulation_mode."
US-OHSU-BELKNAP-26-1883-1884,US,Oregon Health & Science University,"Belknap medical microscope slides",1883-1884,"medical histology; pathology; teaching","26 slides","prepared by; used by; held by","small labelled slide group",https://digitalcollections.ohsu.edu/search?query=microscope%20slides,bounded_set,late_19c_1870_1899,medical_histology_pathology,institutional_teaching_research,retained_without_explicit_transfer,physical_slide_count,preparer_mounter_producer;user_researcher_teacher;institutional_custodian_cataloguer,,"Derived only from frozen catalogue wording. Low-confidence fields: none. Medium-confidence fields: commercial_or_institutional, circulation_mode."
UK-SMG-MICROSCOPE-SLIDE-PIECES-1850-1900,UK,Science Museum Group,"Selection of microscope slide pieces in repurposed cardboard box",1850-1900,"microscopy; fragmentary slides; storage and reuse","selection of slide pieces; exact count unstated","held by","fragmentary slides stored in reused cardboard box",https://collection.sciencemuseumgroup.org.uk/search/objects?q=microscope%20slide%20pieces,mixed_parent_collection,mixed_19c_plus_20c,general_mixed_microscopy,unclear,retained_without_explicit_transfer,unstated_or_unresolved,institutional_custodian_cataloguer,REVIEW,"Derived only from frozen catalogue wording. Low-confidence fields: commercial_or_institutional. Medium-confidence fields: subject_cluster, circulation_mode, count_namespace."
UK-CAMBRIDGE-DARWIN-BARNACLE-SLIDES-1846-1854,UK,University of Cambridge Museum of Zoology,"Darwin barnacle microscope slides",1846-1854,"barnacles; zoology; morphology; research","around 300 microscope slides","prepared by; used by; held by","research slide series associated with barnacle study",https://www.museum.zoo.cam.ac.uk/collections.archives/collections/darwin-barnacles,named_collection,mid_19c_1840_1869,zoology_invertebrates,institutional_teaching_research,retained_without_explicit_transfer,physical_slide_count,preparer_mounter_producer;user_researcher_teacher;institutional_custodian_cataloguer,,"Derived only from frozen catalogue wording. Low-confidence fields: none. Medium-confidence fields: unit_level, commercial_or_institutional, circulation_mode."
FR-MNHN-TOPSENT-SPONGE-SLIDES-1886,FR,"Muséum national d'Histoire naturelle, Paris","Emile Topsent Porifera microscope preparation collection","1886 onward","Porifera; sponge histology; taxonomy; marine zoology","around 4000 microscope slides","prepared by; donated by; held by","large sponge slide collection",https://www.mnhn.fr/en/collection/porifera,named_collection,late_19c_1870_1899,zoology_invertebrates,unclear,gift_donation_presentation,physical_slide_count,preparer_mounter_producer;donor_bequeather_depositor;institutional_custodian_cataloguer,REVIEW,"Derived only from frozen catalogue wording. Low-confidence fields: commercial_or_institutional. Medium-confidence fields: unit_level."
UK-RAMM-WB-CARPENTER-FORAMINIFERA-2113,UK,Royal Albert Memorial Museum & Art Gallery,"W. B. Carpenter Foraminifera microscope-slide collection","nineteenth century; catalogued 1984","foraminifera; microscopy; research reference collection","2113 catalogued foraminifera slides","assembled by; held by; catalogued by","large named slide collection",https://rammuseum.org.uk/collections/,named_collection,19c_unspecified,foraminifera_protists,institutional_teaching_research,retained_without_explicit_transfer,physical_slide_count,collector_assembler;institutional_custodian_cataloguer,,"Derived only from frozen catalogue wording. Low-confidence fields: none. Medium-confidence fields: unit_level, commercial_or_institutional, circulation_mode."
UK-RAMM-SLADEN-CARPENTER-MICROSLIDES-7186,UK,Royal Albert Memorial Museum & Art Gallery,"Sladen / Carpenter microscope-slide collections","nineteenth century collections; later catalogue summary","foraminifera; zoology; marine microscopy","7186 microscope slides: 1047 Sladen; 4583 W.B. Carpenter; 1556 P.H. Carpenter","assembled by; held by; catalogued by","three named historical slide collections",https://rammuseum.org.uk/collections/,named_collection,19c_unspecified,foraminifera_protists,institutional_teaching_research,retained_without_explicit_transfer,physical_slide_count,collector_assembler;institutional_custodian_cataloguer,,"Derived only from frozen catalogue wording. Low-confidence fields: none. Medium-confidence fields: unit_level, commercial_or_institutional, circulation_mode."
NZ-OTAGO-HAECKEL-CHALLENGER-RADIOLARIA-50,NZ,Otago Museum,"Haeckel Challenger radiolarian slide box","1872-1887 context","Radiolaria; HMS Challenger; marine microscopy","some fifty microscope slides in a wooden box","prepared by; distributed to; held by","wooden box containing about fifty slides",https://otagomuseum.nz/collections/search-the-collection/,container_assemblage,late_19c_1870_1899,foraminifera_protists,institutional_teaching_research,exchange_distribution,physical_slide_count,preparer_mounter_producer;sender_exchanger_transporter;institutional_custodian_cataloguer,,"Derived only from frozen catalogue wording. Low-confidence fields: none. Medium-confidence fields: commercial_or_institutional."
UK-LEEDS-CHALLENGER-PORCUPINE-FORAM-SLIDES-1868-1876,UK,Leeds Museums & Galleries,"HMS Porcupine and HMS Challenger foraminifera microscope-slide subset",1868-1876,"foraminifera; Challenger; Porcupine; marine microscopy","subset count unstated within a microscope-slide collection described as thousands strong","collected by; held by; reviewed by","historical foraminifera slides within broader collection",https://museumsandgalleries.leeds.gov.uk/collections/natural-sciences/,named_collection,spans_19c_periods,foraminifera_protists,unclear,retained_without_explicit_transfer,unstated_or_unresolved,collector_assembler;user_researcher_teacher;institutional_custodian_cataloguer,REVIEW,"Derived only from frozen catalogue wording. Low-confidence fields: commercial_or_institutional. Medium-confidence fields: unit_level, production_period, circulation_mode, count_namespace."
DE-JENA-HERTWIG-HISTOLOGY-COLLECTION-1881,DE,Friedrich Schiller University Jena,"Hertwig histology microscope-slide collection","1881 onward","histology; embryology; zoology; teaching and research","count unstated","prepared by; used by; held by","historical histological slide collection",https://www.uni-jena.de/en/collections,named_collection,late_19c_1870_1899,medical_histology_pathology,institutional_teaching_research,retained_without_explicit_transfer,unstated_or_unresolved,preparer_mounter_producer;user_researcher_teacher;institutional_custodian_cataloguer,,"Derived only from frozen catalogue wording. Low-confidence fields: none. Medium-confidence fields: unit_level, commercial_or_institutional, circulation_mode."
UK-NHM-CHALLENGER-SEDIMENT-SLIDE-DATASET-1873-1876,UK,Natural History Museum London,"HMS Challenger sediment collection slides and derived preparations",1873-1876,"marine sediments; micropalaeontology; expedition microscopy","4713 bottles tubes boxes and slides in collection; dataset exposes 4723 records; pure slide subtotal to filter","collected by; prepared by; donated by; held by; digitised by","mixed containers and microscope-slide preparations with linked dataset",https://data.nhm.ac.uk/dataset/challenger-collection,mixed_parent_collection,late_19c_1870_1899,geology_petrography_palaeobotany,institutional_teaching_research,gift_donation_presentation,specimen_object_or_mixed_count,preparer_mounter_producer;collector_assembler;donor_bequeather_depositor;institutional_custodian_cataloguer,CHECK,"Derived only from frozen catalogue wording. Low-confidence fields: none. Medium-confidence fields: commercial_or_institutional, count_namespace."
IT-PAVIA-GOLGI-NERVOUS-SLIDES-38-1877-1899,IT,University of Pavia,"Camillo Golgi original nervous-tissue histological slides",1877-1899,"nervous tissue; cerebral cortex; cerebellum; hippocampus; dorsal root ganglia; spinal cord; Golgi impregnation","38 surviving nervous-tissue slides examined; six signed by Golgi with five dated 1899 and one dated 1877","prepared by; signed by; held by","surviving labelled histological slides",https://museoperlastoriadelluniversita.unipv.it/en/collections/,named_collection,late_19c_1870_1899,medical_histology_pathology,unclear,retained_without_explicit_transfer,physical_slide_count,preparer_mounter_producer;institutional_custodian_cataloguer;other_explicit_role,REVIEW,"Derived only from frozen catalogue wording. Low-confidence fields: commercial_or_institutional. Medium-confidence fields: unit_level, circulation_mode."
ES-MUSEO-CAJAL-PERSONAL-HISTOLOGY-4529-1877-1899,ES,Museo Cajal,"Santiago Ramon y Cajal personally prepared histological slide corpus","1877-1899 strict layer within longer career","histology; neuroanatomy; microscopy; research","4529 personally prepared Cajal slides in scholarly corpus; current legal inventory uses a larger mixed total; nineteenth-century subtotal to isolate","prepared by; bequeathed by; held by","large personal histology slide corpus",https://museocajal.isciii.es/,mixed_parent_collection,late_19c_1870_1899,medical_histology_pathology,personal_research_collection,gift_donation_presentation,current_or_mixed_period_aggregate;physical_slide_count;unstated_or_unresolved,preparer_mounter_producer;donor_bequeather_depositor;institutional_custodian_cataloguer,CHECK,"Derived only from frozen catalogue wording. Low-confidence fields: none. Medium-confidence fields: commercial_or_institutional, count_namespace."
IT-FLORENCE-PACINI-HISTOLOGY-SLIDES-1854-1865,IT,Fondazione Scienza e Tecnica Firenze,"Filippo Pacini histology microscope slides",1854-1865,"histology; pathology; anatomy; cholera; microscopy","named catalogued collection; exact total unstated; multiple individually dated surviving slides described","prepared by; used by; held by","dated historical histology slides",https://www.fstfirenze.it/collezioni/,named_collection,mid_19c_1840_1869,medical_histology_pathology,institutional_teaching_research,retained_without_explicit_transfer,physical_slide_count;unstated_or_unresolved,preparer_mounter_producer;user_researcher_teacher;institutional_custodian_cataloguer,,"Derived only from frozen catalogue wording. Low-confidence fields: none. Medium-confidence fields: unit_level, commercial_or_institutional, circulation_mode, count_namespace."
FR-SORBONNE-DEJERINE-HISTOLOGY-1895,FR,Sorbonne Université,"Fondation Dejerine histological-slide collection","1895 onward with nineteenth-century cases","neurology; histology; pathology; clinical research","entire histological-slide corpus of Dejerine neurological cases preserved; exact slide total unstated","prepared by; used by; held by","histological-slide corpus linked to clinical cases",https://patrimoine.sorbonne-universite.fr/fonds-dejerine,named_collection,late_19c_1870_1899,medical_histology_pathology,institutional_teaching_research,retained_without_explicit_transfer,unstated_or_unresolved,preparer_mounter_producer;user_researcher_teacher;institutional_custodian_cataloguer,,"Derived only from frozen catalogue wording. Low-confidence fields: none. Medium-confidence fields: unit_level, commercial_or_institutional, circulation_mode, count_namespace."
FR-MNHN-COMPARATIVE-ANATOMY-HISTOLOGY-19C,FR,"Muséum national d'Histoire naturelle, Paris","Comparative Anatomy historical histological-slide collection","second half nineteenth century through twentieth century","comparative anatomy; histology; vertebrates; invertebrates","thousands of histological slides added from second half of nineteenth century through twentieth century; pure nineteenth-century count unstated","assembled by; used by; held by","large mixed-period histology collection",https://www.mnhn.fr/en/collection/comparative-anatomy,mixed_parent_collection,mixed_19c_plus_20c,medical_histology_pathology,institutional_teaching_research,retained_without_explicit_transfer,current_or_mixed_period_aggregate;physical_slide_count;unstated_or_unresolved,collector_assembler;user_researcher_teacher;institutional_custodian_cataloguer,CHECK,"Derived only from frozen catalogue wording. Low-confidence fields: none. Medium-confidence fields: commercial_or_institutional, circulation_mode, count_namespace."
UK-GLASGOW-HEDDLE-BLARNEY-SLIDE-1850-1880,UK,"The Hunterian, University of Glasgow","Blarney Stone geological microscope slide","probably 1850-1880","petrology; mineralogy; rock thin sections; historic monuments","one identified Blarney Stone slide within Hunterian collection of around 40000 geological microscope slides; historical subset unstated","assembled by Heddle; collected by; possibly prepared by Heddle or others; held by","single historical thin section within large geological slide collection",https://www.gla.ac.uk/hunterian/collections/geology/,single_slide,spans_19c_periods,geology_petrography_palaeobotany,personal_research_collection,retained_without_explicit_transfer,current_or_mixed_period_aggregate;physical_slide_count,collector_assembler;institutional_custodian_cataloguer;attributed_or_uncertain,CHECK,"Derived only from frozen catalogue wording. Low-confidence fields: none. Medium-confidence fields: production_period, commercial_or_institutional, circulation_mode, count_namespace."
UK-SMG-DANCER-SLIDE-CABINET-C1860,UK,Science Museum Group,"John Benjamin Dancer microscope slide cabinet","circa 1860","microscopy; slide storage; Manchester commercial workshop","cabinet object; contained slide count not stated in record","assembled by; held by","wooden slide cabinet associated with Dancer workshop",https://collection.sciencemuseumgroup.org.uk/search/objects?q=Dancer%20slide%20cabinet,container_assemblage,mid_19c_1840_1869,general_mixed_microscopy,commercial_trade,retained_without_explicit_transfer,unstated_or_unresolved,collector_assembler;institutional_custodian_cataloguer,CHECK,"Derived only from frozen catalogue wording. Low-confidence fields: none. Medium-confidence fields: subject_cluster, commercial_or_institutional, circulation_mode, count_namespace."
UK-SMG-DANCER-NACHET-ASSEMBLAGE-1860-1895,UK,Science Museum Group,"Dancer / Nachet microscope and slide assemblage",1860-1895,"microscopy; instruments; microphotography; prepared slides","assemblage includes microscope; cabinet with microphotographs; second glass-slide cabinet; separate microphotographic slides","assembled by; used by; held by","multi-object microscope and slide assemblage",https://collection.sciencemuseumgroup.org.uk/search/objects?q=Dancer%20Nachet%20assemblage,named_collection,spans_19c_periods,microphotography_optical_media,institutional_teaching_research,retained_without_explicit_transfer,source_stated_quantity_other,collector_assembler;user_researcher_teacher;institutional_custodian_cataloguer,CHECK,"Derived only from frozen catalogue wording. Low-confidence fields: none. Medium-confidence fields: unit_level, production_period, commercial_or_institutional, circulation_mode."
UK-SMG-HIS-EMBRYOGRAPH-SLIDE-1871-1900,UK,Science Museum Group,"Wilhelm His embryograph and microscope slide component",1871-1900,"embryology; apparatus; histological reconstruction","one microscope slide A56760/7 within nine-part embryograph assemblage","designed by; perhaps made by; part of; held by","single slide component within instrument assemblage",https://collection.sciencemuseumgroup.org.uk/search/objects?q=Wilhelm%20His%20embryograph,single_slide,mixed_19c_plus_20c,embryology_cell_biology,unclear,retained_without_explicit_transfer,source_stated_quantity_other,institutional_custodian_cataloguer;attributed_or_uncertain,REVIEW,"Derived only from frozen catalogue wording. Low-confidence fields: commercial_or_institutional. Medium-confidence fields: circulation_mode."
UK-CAMBRIDGE-BALFOUR-EMBRYOLOGICAL-SECTIONS-1874-1882,UK,University of Cambridge Museum of Zoology,"Francis Maitland Balfour embryological microscope sections",1874-1882,"embryology; vertebrate development; histology; research","count unstated","prepared by; used by; held by","historical embryological section collection",https://www.museum.zoo.cam.ac.uk/collections.archives/collections/balfour,named_collection,late_19c_1870_1899,embryology_cell_biology,institutional_teaching_research,retained_without_explicit_transfer,unstated_or_unresolved,preparer_mounter_producer;user_researcher_teacher;institutional_custodian_cataloguer,,"Derived only from frozen catalogue wording. Low-confidence fields: none. Medium-confidence fields: unit_level, commercial_or_institutional, circulation_mode."
DE-FREIBERG-HISTORICAL-THIN-SECTIONS-1870,DE,TU Bergakademie Freiberg,"Historical petrographic thin-section collection","oldest preparations probably from 1870; collection expanded later","petrography; mineralogy; teaching and research","about 45000 thin sections total; oldest preparations probably from 1870; nineteenth-century subtotal to filter","prepared by; used by; held by","large mixed-period petrographic thin-section collection",https://tu-freiberg.de/geowsam/museum/mineralogical-collection,mixed_parent_collection,late_19c_1870_1899,geology_petrography_palaeobotany,institutional_teaching_research,retained_without_explicit_transfer,current_or_mixed_period_aggregate;preparation_or_thin_section_count,preparer_mounter_producer;user_researcher_teacher;institutional_custodian_cataloguer,CHECK,"Derived only from frozen catalogue wording. Low-confidence fields: none. Medium-confidence fields: commercial_or_institutional, circulation_mode, count_namespace."
DE-FREIBERG-FUESS-30-THIN-SECTIONS-1870-1873,DE,TU Bergakademie Freiberg,"Fuess teaching set of 30 rock thin sections",1870-1873,"petrography; teaching; commercial thin sections","30 thin sections","produced by; purchased by; used by; held by","bounded teaching set of rock thin sections",https://tu-freiberg.de/geowsam/museum/mineralogical-collection,named_collection,late_19c_1870_1899,geology_petrography_palaeobotany,hybrid,sale_purchase,preparation_or_thin_section_count,preparer_mounter_producer;user_researcher_teacher;buyer_recipient_donee;institutional_custodian_cataloguer,,"Derived only from frozen catalogue wording. Low-confidence fields: none. Medium-confidence fields: unit_level."
AT-NHMW-MICROPAL-REUSS-KARRER-BRADY-GOES-19C,AT,Naturhistorisches Museum Wien,"Historical micropalaeontology microscope-slide collections","nineteenth century","foraminifera; micropalaeontology; reference collections","more than 50000 mixed objects overall; nineteenth-century microslide subtotal unstated","assembled by; collected by; held by","multiple named slide collections within mixed micropalaeontology holdings",https://www.nhm-wien.ac.at/en/research/geology_palaeontology/collections,mixed_parent_collection,19c_unspecified,foraminifera_protists,institutional_teaching_research,retained_without_explicit_transfer,current_or_mixed_period_aggregate;specimen_object_or_mixed_count;unstated_or_unresolved,collector_assembler;institutional_custodian_cataloguer,CHECK,"Derived only from frozen catalogue wording. Low-confidence fields: none. Medium-confidence fields: commercial_or_institutional, circulation_mode, count_namespace."
UK-OXFORD-RMS-SLIDE-CABINET-1860-1930,UK,History of Science Museum Oxford,"Royal Microscopical Society slide cabinet",1860-1930,"microscopy; mixed biological and mineralogical preparations; society collection","museum holds about 10000 slides; over three-quarters contained in one RMS cabinet; nineteenth-century subtotal to isolate","assembled by; used by; transferred to; held by","large society slide cabinet within mixed-period museum collection",https://www.hsm.ox.ac.uk/microscope-slides,mixed_parent_collection,mixed_19c_plus_20c,general_mixed_microscopy,institutional_teaching_research,institutional_transfer_deposit,current_or_mixed_period_aggregate;physical_slide_count,collector_assembler;user_researcher_teacher;institutional_custodian_cataloguer,,"Derived only from frozen catalogue wording. Low-confidence fields: none. Medium-confidence fields: subject_cluster, commercial_or_institutional, count_namespace."
UK-QMC-SLIDE-COLLECTION-1865-1873,UK,Quekett Microscopical Club,"Quekett Microscopical Club historical slide collection","1865-1873 core; collection continues later","microscopy; society exchange; prepared slides; teaching and demonstration","20000+ slides today; general collection exceeded 2000 preparations by 1873","assembled by; exchanged by; held by; catalogued by","long-lived society slide collection with historical and current layers",https://www.quekett.org/about/collections,mixed_parent_collection,spans_19c_periods,general_mixed_microscopy,institutional_teaching_research,exchange_distribution,current_or_mixed_period_aggregate;physical_slide_count;preparation_or_thin_section_count,collector_assembler;sender_exchanger_transporter;institutional_custodian_cataloguer,CHECK,"Derived only from frozen catalogue wording. Low-confidence fields: none. Medium-confidence fields: production_period, subject_cluster, commercial_or_institutional, count_namespace."
UK-NMS-NICOL-FORBES-GEO-SLIDES-1831-1836,UK,National Museums Scotland,"Nicol / Forbes early geological thin-section slides",1831-1836,"geology; fossil wood; early thin-section microscopy","at least 5 specifically described slides in the illustrated surviving group","prepared by; used by; held by","small surviving group of early geological glass slides",https://www.nms.ac.uk/explore-our-collections/stories/natural-sciences/microscope-slides/,bounded_set,early_19c_1800_1839,geology_petrography_palaeobotany,institutional_teaching_research,retained_without_explicit_transfer,physical_slide_count,preparer_mounter_producer;user_researcher_teacher;institutional_custodian_cataloguer,,"Derived only from frozen catalogue wording. Low-confidence fields: none. Medium-confidence fields: commercial_or_institutional, circulation_mode."
UK-SHEFFIELD-SORBY-METALLURGICAL-MOUNTS-1863-1865,UK,University of Sheffield,"H. C. Sorby metallurgical microscope mounts",1863-1865,"metallurgy; metallography; iron and steel; experimental microscopy","115 extant metallurgical specimens total; one documented subgroup contains 22 specimens; institutional split preserved in catalogue","prepared by; used by; held by","mounted metallurgical preparations surviving across institutional locations",https://www.sheffield.ac.uk/collections/sorby,named_collection,mid_19c_1840_1869,geology_petrography_palaeobotany,institutional_teaching_research,retained_without_explicit_transfer,specimen_object_or_mixed_count,preparer_mounter_producer;user_researcher_teacher;institutional_custodian_cataloguer,,"Derived only from frozen catalogue wording. Low-confidence fields: none. Medium-confidence fields: unit_level, commercial_or_institutional, circulation_mode."
UK-SHEFFIELD-SORBY-CHEMICAL-PRECIPITATES-1852-1862,UK,University of Sheffield,"Henry Clifton Sorby Chemical Precipitates glass-slide box",1852-1862,"chemical crystallisation; carbonates; fluid-inclusion experiments; experimental microscopy","60 square glass slides with coverslips; includes 10 cavity slides","prepared by; inscribed by; rediscovered by; held by","box of square glass slides and cavity slides",https://eprints.whiterose.ac.uk/102339/,container_assemblage,mid_19c_1840_1869,experimental_physical_science,unclear,retained_without_explicit_transfer,physical_slide_count,preparer_mounter_producer;institutional_custodian_cataloguer;other_explicit_role,REVIEW,"Derived only from frozen catalogue wording. Low-confidence fields: commercial_or_institutional. Medium-confidence fields: circulation_mode."
US-MCZ-HARVARD-EMBRYOLOGICAL-COLLECTION-LATE19C,US,"Museum of Comparative Zoology, Harvard University","Harvard Embryological Collection / Minot series","late nineteenth century onward","embryology; histology; comparative anatomy; teaching and research","approximately 2500 embryo series on approximately 30000 slides; nineteenth-century subset to isolate","assembled by; used by; held by","large mixed-period embryological slide collection",https://www.mcz.harvard.edu/microscope-slide-collection,mixed_parent_collection,late_19c_1870_1899,embryology_cell_biology,institutional_teaching_research,retained_without_explicit_transfer,current_or_mixed_period_aggregate;physical_slide_count,collector_assembler;user_researcher_teacher;institutional_custodian_cataloguer,,"Derived only from frozen catalogue wording. Low-confidence fields: none. Medium-confidence fields: production_period, commercial_or_institutional, circulation_mode, count_namespace."
CA-MCGILL-FRANK-DAWSON-ADAMS-PETROGRAPHIC-SLIDES-1896,CA,McGill University,"Frank Dawson Adams petrographic microscope-slide archive","1896 onward","petrography; structural geology; research; teaching","petrographic microscope slides included among over 1000 mixed photographs glass negatives and slides; microscope-slide subtotal unstated","prepared by; used by; held by","mixed archival/teaching material including petrographic slides",https://archivalcollections.library.mcgill.ca/index.php/frank-dawson-adams-fonds,mixed_parent_collection,late_19c_1870_1899,geology_petrography_palaeobotany,institutional_teaching_research,retained_without_explicit_transfer,current_or_mixed_period_aggregate;physical_slide_count;unstated_or_unresolved,preparer_mounter_producer;user_researcher_teacher;institutional_custodian_cataloguer,CHECK,"Derived only from frozen catalogue wording. Low-confidence fields: none. Medium-confidence fields: commercial_or_institutional, circulation_mode, count_namespace."
US-MICHIGAN-TECH-PETROGRAPHIC-SLIDES-C1890,US,Michigan Technological University,"Historical petrographic microscope-slide collection","circa 1890 onward","petrography; mineralogy; teaching collection","surviving boxed slide batch; exact slide count unstated; 1901-02 catalogue later reports 8887 thin-section collections","assembled by; used by; held by","boxed historical petrographic slide material",https://www.mtu.edu/geo/about/facilities/museum/collections/,named_collection,late_19c_1870_1899,geology_petrography_palaeobotany,institutional_teaching_research,retained_without_explicit_transfer,unstated_or_unresolved,collector_assembler;user_researcher_teacher;institutional_custodian_cataloguer,,"Derived only from frozen catalogue wording. Low-confidence fields: none. Medium-confidence fields: unit_level, commercial_or_institutional, circulation_mode, count_namespace."
AU-GSNSW-THIN-SECTION-COLLECTION-LATE1880S,AU,Geological Survey of New South Wales,"Historical thin-section collection","late 1880s onward","petrography; geology; government survey research","modern parent collection over 94000 rock samples and associated sections/blocks; nineteenth-century thin-section subtotal to isolate; 200-300 sections per year by mid-1890s","commenced by; prepared by; catalogued by; held by; recatalogued by","large government-survey thin-section collection",https://www.resources.nsw.gov.au/geological-survey/geological-collections,mixed_parent_collection,late_19c_1870_1899,geology_petrography_palaeobotany,institutional_teaching_research,retained_without_explicit_transfer,current_or_mixed_period_aggregate;specimen_object_or_mixed_count,preparer_mounter_producer;collector_assembler;institutional_custodian_cataloguer,CHECK,"Derived only from frozen catalogue wording. Low-confidence fields: none. Medium-confidence fields: production_period, commercial_or_institutional, circulation_mode, count_namespace."
UK-NHM-GC-WALLICH-PROTIST-SLIDES-19C,UK,Natural History Museum London,"G. C. Wallich protist microscope-slide collection","nineteenth century; RMS gift 1867","protists; deep-sea microscopy; taxonomy; expedition research","current NHM protist collection contains 25000 slides overall; Wallich subset count to enumerate; separate 1867 RMS gift first instalment was 1031 slides","prepared by; donated by; held by; catalogued by","historical protist slide subset within current collection",https://www.nhm.ac.uk/our-science/collections/zoology-collections/protists.html,mixed_parent_collection,mid_19c_1840_1869,foraminifera_protists,institutional_teaching_research,gift_donation_presentation,current_or_mixed_period_aggregate;physical_slide_count,preparer_mounter_producer;donor_bequeather_depositor;institutional_custodian_cataloguer,CHECK,"Derived only from frozen catalogue wording. Low-confidence fields: none. Medium-confidence fields: production_period, commercial_or_institutional, count_namespace."
UK-LSHTM-RONALD-ROSS-MALARIA-SLIDES-1890S,UK,London School of Hygiene & Tropical Medicine,"Sir Ronald Ross malarial microscope-slide box",1890s,"malaria; Plasmodium; mosquitoes; blood and parasite preparations; colonial medicine","collection of slides in surviving wooden box; exact count to enumerate","prepared by; collected by; archived by; re-examined by","surviving wooden slide box with malaria preparations",https://www.lshtm.ac.uk/research/library-archives-service/archives/ronald-ross-collection,named_collection,late_19c_1870_1899,medical_histology_pathology,personal_research_collection,retained_without_explicit_transfer,unstated_or_unresolved,preparer_mounter_producer;collector_assembler;user_researcher_teacher;institutional_custodian_cataloguer,,"Derived only from frozen catalogue wording. Low-confidence fields: none. Medium-confidence fields: unit_level, commercial_or_institutional, circulation_mode, count_namespace."
DE-BMM-VIRCHOW-TRICHINA-SLIDES-1859,DE,Berliner Medizinhistorisches Museum,"Rudolf Virchow Trichina microscope slides",1859,"pathology; parasitology; medical microscopy","3 surviving original slides","prepared by; used by; held by","three labelled microscope slides",https://www.bmm-charite.de/en/museum/collections/,bounded_set,mid_19c_1840_1869,medical_histology_pathology,institutional_teaching_research,retained_without_explicit_transfer,physical_slide_count,preparer_mounter_producer;user_researcher_teacher;institutional_custodian_cataloguer,,"Derived only from frozen catalogue wording. Low-confidence fields: none. Medium-confidence fields: commercial_or_institutional, circulation_mode."
DE-APOTHEKEN-SAUTERMEISTER-MICROPREPS-1881-1897,DE,Deutsches Apotheken-Museum,"Sautermeister forensic microscopic preparations",1881-1897,"forensic medicine; microscopy; toxicology; pharmacy","extensive collection; exact slide count unstated; explicit forensic preparations from cases 1881-1897","prepared by; used by; held by","forensic preparation collection",https://www.deutsches-apotheken-museum.de/sammlungen/,named_collection,late_19c_1870_1899,medical_histology_pathology,institutional_teaching_research,retained_without_explicit_transfer,unstated_or_unresolved,preparer_mounter_producer;user_researcher_teacher;institutional_custodian_cataloguer,,"Derived only from frozen catalogue wording. Low-confidence fields: none. Medium-confidence fields: unit_level, commercial_or_institutional, circulation_mode, count_namespace."
FR-MNHN-VAN-TIEGHEM-HISTOTHEQUE-1875-1899,FR,"Muséum national d'Histoire naturelle, Paris","Van Tieghem Histothèque core",1875-1914,"botany; plant histology; teaching and research","Histotheque over 67000 thin sections today; Van Tieghem core 1875-1914 comprises around one third; nineteenth-century subset to isolate","prepared by; used by; held by","large mixed-period plant histology collection",https://www.mnhn.fr/en/collection/histotheque,mixed_parent_collection,mixed_19c_plus_20c,medical_histology_pathology,institutional_teaching_research,retained_without_explicit_transfer,current_or_mixed_period_aggregate;preparation_or_thin_section_count,preparer_mounter_producer;user_researcher_teacher;institutional_custodian_cataloguer,CHECK,"Derived only from frozen catalogue wording. Low-confidence fields: none. Medium-confidence fields: commercial_or_institutional, circulation_mode, count_namespace."
DE-HU-ZOOLOGISCHE-LEHRSAMMLUNG-MICROPREPS-1884,DE,Humboldt-Universität zu Berlin,"Zoologische Lehrsammlung historical microscope preparations","1884 onward within modern teaching collection","zoology; teaching; histology; microscopic preparations","modern collection about 30000 mixed objects; microscope-preparation subtotal and nineteenth-century subset unstated","assembled by; used by; held by","mixed teaching collection including microscope preparations",https://www.sammlungen.hu-berlin.de/sammlungen/zoologische-lehrsammlung/,mixed_parent_collection,late_19c_1870_1899,zoology_invertebrates,institutional_teaching_research,retained_without_explicit_transfer,current_or_mixed_period_aggregate;specimen_object_or_mixed_count;unstated_or_unresolved,collector_assembler;user_researcher_teacher;institutional_custodian_cataloguer,CHECK,"Derived only from frozen catalogue wording. Low-confidence fields: none. Medium-confidence fields: production_period, commercial_or_institutional, circulation_mode, count_namespace."
UK-NHM-GEORGE-BUSK-BRYOZOA-SLIDES-1899,UK,Natural History Museum London,"George Busk Bryozoa microscope slides","accessioned 1899","Bryozoa; Challenger; Victorian exchange; mounted whole specimens; Canada balsam","Busk collection accession in 1899 numbered over 6000 mixed specimens in collection-history literature; Data Portal exposes many 1899.7.1.* records with kind of object slide; slide subtotal to query","assembled by; exchanged by; held by; catalogued by","historical bryozoan slide subset within Busk collection",https://data.nhm.ac.uk/search/geology?query=Busk%20Bryozoa,mixed_parent_collection,late_19c_1870_1899,zoology_invertebrates,institutional_teaching_research,exchange_distribution,specimen_object_or_mixed_count,collector_assembler;sender_exchanger_transporter;institutional_custodian_cataloguer,CHECK,"Derived only from frozen catalogue wording. Low-confidence fields: none. Medium-confidence fields: commercial_or_institutional, count_namespace."
UK-GNM-GS-BRADY-SLIDES-1860S-1890S,UK,Great North Museum: Hancock,"George Stewardson Brady slide collections",1860s-1890s,"Ostracoda; Copepoda; Crustacea; microfauna; type material; British and global collecting","3471 catalogued slide records in 1985 plus about 362 then-unsorted and uncatalogued slides; nineteenth-century subset to isolate","prepared by; collected by; catalogued by; lent by; remounted by; returned to; held by","large historical microfauna slide collection",https://jncc.gov.uk/our-work/great-north-museum-hancock/,mixed_parent_collection,spans_19c_periods,entomology_arthropods,institutional_teaching_research,loan_borrowing,current_or_mixed_period_aggregate;physical_slide_count,preparer_mounter_producer;collector_assembler;institutional_custodian_cataloguer;other_explicit_role,CHECK,"Derived only from frozen catalogue wording. Low-confidence fields: none. Medium-confidence fields: production_period, commercial_or_institutional, count_namespace."
AT-NHMW-HB-BRADY-REFERENCE-SLIDES-435-1887,AT,Naturhistorisches Museum Wien,"Henry Bowman Brady Challenger and Porcupine reference-slide gift",1887,"foraminifera; Challenger; Porcupine; reference collection","435 reference slides gifted in 1887","presented by; prepared by; held by","bounded reference-slide gift",https://www.nhm-wien.ac.at/en/research/geology_palaeontology/collections,bounded_set,late_19c_1870_1899,foraminifera_protists,institutional_teaching_research,gift_donation_presentation,physical_slide_count,preparer_mounter_producer;donor_bequeather_depositor;institutional_custodian_cataloguer,,"Derived only from frozen catalogue wording. Low-confidence fields: none. Medium-confidence fields: commercial_or_institutional."
UK-NHM-HB-BRADY-CHALLENGER-SLIDES-1888,UK,Natural History Museum London,"H. B. Brady HMS Challenger Foraminiferal slide collection","1888 accession","foraminifera; Challenger; marine microscopy; type/reference material","bulk of Brady Challenger Foraminiferal slides arrived in 1888; exact slide count to recover from registers/catalogues","prepared by; received by; held by; catalogued by","large Challenger foraminiferal slide collection",https://www.nhm.ac.uk/our-science/collections/palaeontology-collections/micropalaeontology-collections/foraminifera-collections.html,named_collection,late_19c_1870_1899,foraminifera_protists,institutional_teaching_research,research_correspondence_sent,unstated_or_unresolved,preparer_mounter_producer;buyer_recipient_donee;institutional_custodian_cataloguer,,"Derived only from frozen catalogue wording. Low-confidence fields: none. Medium-confidence fields: unit_level, commercial_or_institutional, count_namespace."
UK-NHM-WK-PARKER-FORAMINIFERA-1892,UK,Natural History Museum London,"W. K. Parker Foraminifera slide collection","purchased 1892","foraminifera; microscopy; reference collection","collection purchased in 1892; exact slide total to extract from 1992 catalogue","purchased by; held by; catalogued by","historical foraminifera slide collection",https://www.nhm.ac.uk/our-science/collections/palaeontology-collections/micropalaeontology-collections/foraminifera-collections.html,named_collection,late_19c_1870_1899,foraminifera_protists,institutional_teaching_research,sale_purchase,unstated_or_unresolved,buyer_recipient_donee;institutional_custodian_cataloguer,,"Derived only from frozen catalogue wording. Low-confidence fields: none. Medium-confidence fields: unit_level, commercial_or_institutional, count_namespace."
AT-NHMW-FERDINAND-I-MICROPREPS-C1850,AT,Naturhistorisches Museum Wien,"Ferdinand I microscopic preparation collection","circa 1850","natural history microscopy; royal collection; mixed microscopic preparations","thousands of microscopic preparations; exact surviving count unstated","assembled by; held by","large historical microscopic-preparation collection",https://www.nhm-wien.ac.at/en/museum/history,named_collection,mid_19c_1840_1869,general_mixed_microscopy,institutional_teaching_research,retained_without_explicit_transfer,preparation_or_thin_section_count;unstated_or_unresolved,collector_assembler;institutional_custodian_cataloguer,CHECK,"Derived only from frozen catalogue wording. Low-confidence fields: none. Medium-confidence fields: unit_level, subject_cluster, commercial_or_institutional, circulation_mode, count_namespace."
UK-NHM-WC-WILLIAMSON-FORAM-SLIDES-1843-1896,UK,Natural History Museum London,"W. C. Williamson foraminifera microscope slides",1843-1896,"foraminifera; micropalaeontology; publication-linked syntypes","slide count unstated; multiple publication-linked syntype slides survive","prepared by; used by; held by; catalogued by","historical publication-linked slide collection",https://www.nhm.ac.uk/our-science/collections/palaeontology-collections/micropalaeontology-collections/foraminifera-collections.html,named_collection,spans_19c_periods,foraminifera_protists,institutional_teaching_research,retained_without_explicit_transfer,unstated_or_unresolved,preparer_mounter_producer;user_researcher_teacher;institutional_custodian_cataloguer,CHECK,"Derived only from frozen catalogue wording. Low-confidence fields: none. Medium-confidence fields: unit_level, production_period, commercial_or_institutional, circulation_mode, count_namespace."
UK-NHM-WB-CARPENTER-EOZOON-SLIDES-1862-1892,UK,Natural History Museum London,"W. B. Carpenter Eozoon slide collection",1862-1892,"Eozoon; petrography; microscopy; controversy and reference material","more than 1000 slides made from worldwide Eozoon samples","prepared by; used by; held by; catalogued by","large research slide collection",https://www.nhm.ac.uk/our-science/collections/palaeontology-collections/micropalaeontology-collections.html,named_collection,spans_19c_periods,geology_petrography_palaeobotany,institutional_teaching_research,retained_without_explicit_transfer,physical_slide_count,preparer_mounter_producer;user_researcher_teacher;institutional_custodian_cataloguer,CHECK,"Derived only from frozen catalogue wording. Low-confidence fields: none. Medium-confidence fields: unit_level, production_period, commercial_or_institutional, circulation_mode."
DK-NHMD-DESMID-JACOBSEN-HOFF-510-1870S-1889,DK,Natural History Museum of Denmark,"Hoff and Børgesen historical desmid microscope-slide collections","1870s-1889 core; later Børgesen material mixed","desmids; freshwater algae; taxonomy; collecting localities","510 microscope slides in the two historical desmid collections today","assembled by; purchased by; held by","two named desmid slide collections",https://desmid.ku.dk/english/,named_collection,late_19c_1870_1899,diatoms_phycology,institutional_teaching_research,sale_purchase,current_or_mixed_period_aggregate;physical_slide_count,collector_assembler;buyer_recipient_donee;institutional_custodian_cataloguer,CHECK,"Derived only from frozen catalogue wording. Low-confidence fields: none. Medium-confidence fields: unit_level, commercial_or_institutional, count_namespace."
HU-HNHM-PANTOCSEK-DIATOM-SLIDES-1886-1917,HU,Hungarian Natural History Museum,"József Pantocsek diatom slide collection",1886-1917,"diatoms; fossil and recent; taxonomy; type material","official museum page states 918 surviving Pantocsek preparations; 2025 collection study describes 1049 slides numbered 0001-1049; discrepancy unresolved","prepared by; assembled by; held by; catalogued by","large historical diatom slide collection",https://www.nhmus.hu/en/collections/botany,mixed_parent_collection,mixed_19c_plus_20c,diatoms_phycology,institutional_teaching_research,retained_without_explicit_transfer,current_or_mixed_period_aggregate;physical_slide_count;unstated_or_unresolved,preparer_mounter_producer;collector_assembler;institutional_custodian_cataloguer,CHECK,"Derived only from frozen catalogue wording. Low-confidence fields: none. Medium-confidence fields: commercial_or_institutional, circulation_mode, count_namespace."
CZ-CU-GERMAN-UNIV-ALGAL-PERMANENT-SLIDES-19C,CZ,Charles University,"German University historical algal permanent-slide collection","nineteenth-century collection with later database","algae; diatoms; botany; teaching and research","database reports 1710 images of permanent slides and 1129 specimens overall; physical nineteenth-century slide subtotal to isolate","assembled by; used by; held by; digitised by","historical permanent-slide collection represented by modern image/database counts",https://www.cuni.cz/UKEN-65.html,mixed_parent_collection,19c_unspecified,diatoms_phycology,institutional_teaching_research,retained_without_explicit_transfer,current_or_mixed_period_aggregate;specimen_object_or_mixed_count;unstated_or_unresolved,collector_assembler;user_researcher_teacher;institutional_custodian_cataloguer,CHECK,"Derived only from frozen catalogue wording. Low-confidence fields: none. Medium-confidence fields: commercial_or_institutional, circulation_mode, count_namespace."
US-OSU-HERBARIUM-DIATOM-CABINETS-6700-19C,US,Ohio State University MBD Herbarium,"Historical diatom slide cabinets","nineteenth-century material within current collection","diatoms; taxonomic reference collection; named collectors","approximately 6700 mounted diatom slides today; historical nineteenth-century subset unstated","assembled by; held by","cabinet-organized diatom slide collection",https://mbd.osu.edu/collections/herbarium/diatoms,mixed_parent_collection,19c_unspecified,diatoms_phycology,institutional_teaching_research,retained_without_explicit_transfer,current_or_mixed_period_aggregate;physical_slide_count,collector_assembler;institutional_custodian_cataloguer,,"Derived only from frozen catalogue wording. Low-confidence fields: none. Medium-confidence fields: commercial_or_institutional, circulation_mode, count_namespace."
US-NMAH-BOOTH-LONGMEADOW-9-PRE1898,US,Smithsonian National Museum of American History,"Mary Ann Booth Longmeadow microscope slides","before 1898","diatoms; microscopy; amateur research; Longmeadow","9 slides","prepared by; collected by; held by","small labelled slide group",https://americanhistory.si.edu/collections/search?edan_q=Mary%20Ann%20Booth,bounded_set,late_19c_1870_1899,diatoms_phycology,personal_research_collection,retained_without_explicit_transfer,physical_slide_count,preparer_mounter_producer;collector_assembler;institutional_custodian_cataloguer,,"Derived only from frozen catalogue wording. Low-confidence fields: none. Medium-confidence fields: commercial_or_institutional, circulation_mode."
US-SPRINGFIELD-BOOTH-BEQUEST-SLIDES-1877-1922,US,Springfield Museums,"Mary Ann Booth mounted microscope-slide and photomicrograph archive",1877-1922,"diatoms; microscopy; photomicrography; amateur research","collection of mounted microscope slides and photomicrographs; exact slide count unstated","prepared by; bequeathed by; archived by","mixed slide and photomicrograph archive",https://springfieldmuseums.org/collections/,mixed_parent_collection,mixed_19c_plus_20c,diatoms_phycology,personal_research_collection,gift_donation_presentation,unstated_or_unresolved,preparer_mounter_producer;donor_bequeather_depositor;institutional_custodian_cataloguer,,"Derived only from frozen catalogue wording. Low-confidence fields: none. Medium-confidence fields: commercial_or_institutional, count_namespace."
US-ANSP-HL-SMITH-ORIGINAL-701-1870-1890,US,Academy of Natural Sciences of Drexel University,"H. L. Smith original diatom slides",1870-1890,"diatoms; taxonomy; original research slides","701 slides","prepared by; held by","numbered original diatom slide collection",https://diatom.ansp.org/collections/named-collections,named_collection,late_19c_1870_1899,diatoms_phycology,personal_research_collection,retained_without_explicit_transfer,physical_slide_count,preparer_mounter_producer;institutional_custodian_cataloguer,,"Derived only from frozen catalogue wording. Low-confidence fields: none. Medium-confidence fields: unit_level, commercial_or_institutional, circulation_mode."
US-ANSP-WILLIAM-SMITH-320-PRE1857,US,Academy of Natural Sciences of Drexel University,"William Smith British diatom exsiccata slide collection","nineteenth-century collection made before Smith's death","British diatoms; locality-indexed exsiccata/reference material","320 slides","made up by; distributed by; held by","one species name per slide with British collection locality; one of several institutional copies",https://diatom.ansp.org/collections/named-collections,named_collection,19c_unspecified,diatoms_phycology,published_distributed_set,exchange_distribution,physical_slide_count,publisher_distributor_seller;institutional_custodian_cataloguer,,"Derived only from frozen catalogue wording. Low-confidence fields: none. Medium-confidence fields: unit_level."
US-ANSP-CLEVE-MOLLER-324-1877-1882,US,Academy of Natural Sciences of Drexel University,"Cleve & Möller Diatoms Parts I-VI institutional copy",1877-1882,"diatoms; global specimen exchange; published exsiccatae","published serial range 1-324; current extant total of the ANSP institutional copy not independently stated","issued by; distributed by; held by","numbered microscope-slide set containing material from many contributors",https://diatom.ansp.org/collections/named-collections,bounded_set,late_19c_1870_1899,diatoms_phycology,published_distributed_set,exchange_distribution,serial_or_register_range,publisher_distributor_seller;institutional_custodian_cataloguer,,"Derived only from frozen catalogue wording. Low-confidence fields: none. Medium-confidence fields: count_namespace."
BE-MEISE-VAN-HEURCK-DIATOM-19000-19C,BE,Meise Botanic Garden,"Henri Van Heurck historical diatom slide collection","major collection built in the second half of the nineteenth century","diatoms; type material; Belgium and global exchange; microscopy","2007 collection report states more than 19000 microscope slides; exact 2026 total not recovered","assembled by; exchanged by; purchased by; transferred to; held by","large slide collection with catalogue cards and type material; botanical institution custody",https://www.meisebotanicgarden.be/en/pQyw7FL/diatoms,named_collection,late_19c_1870_1899,diatoms_phycology,institutional_teaching_research,sale_purchase;exchange_distribution;institutional_transfer_deposit,physical_slide_count,collector_assembler;buyer_recipient_donee;sender_exchanger_transporter;institutional_custodian_cataloguer,CHECK,"Derived only from frozen catalogue wording. Low-confidence fields: none. Medium-confidence fields: production_period, unit_level, commercial_or_institutional."
UK-NHM-DIATOM-SLIDES-150000-EARLY19C,UK,Natural History Museum London,"Historical and current diatom microscope-slide collection","collection accumulated from the early nineteenth century onward","diatoms; fossil and recent; global material; types; exsiccatae","150000 microscope slides within more than 300000 diatom specimens today; nineteenth-century subset to filter","collected by; prepared by; held by; catalogued by; digitised by","microscope slides retained alongside bottle samples herbarium sheets drawings and related material",https://www.nhm.ac.uk/our-science/collections/botany-collections/diatoms.html,mixed_parent_collection,early_19c_1800_1839,diatoms_phycology,institutional_teaching_research,retained_without_explicit_transfer,current_or_mixed_period_aggregate;physical_slide_count,preparer_mounter_producer;collector_assembler;institutional_custodian_cataloguer,,"Derived only from frozen catalogue wording. Low-confidence fields: none. Medium-confidence fields: production_period, commercial_or_institutional, circulation_mode, count_namespace."
AU-POWERHOUSE-TECH-MUSEUM-BOTANICAL-SLIDES-466-1880-1920,AU,Powerhouse Collection,"Technological Museum botanical research microscope-slide collection",1880-1920,"botany; botanical specimens; museum laboratory research","approximately 466 slides","produced by; used by; held by","approximately 466 prepared slides stored in trays and boxes; wood glass paper labels",https://collection.powerhouse.com.au/search?q=microscope%20slides,mixed_parent_collection,mixed_19c_plus_20c,botany,institutional_teaching_research,retained_without_explicit_transfer,physical_slide_count,preparer_mounter_producer;user_researcher_teacher;institutional_custodian_cataloguer,,"Derived only from frozen catalogue wording. Low-confidence fields: none. Medium-confidence fields: commercial_or_institutional, circulation_mode."
NZ-CANTERBURY-SYMES-SLIDE-BOX-LATE19C,NZ,Canterbury Museum,"William Henry Symes late-nineteenth-century microscope slides and wooden box","late nineteenth century; Symes arrived in Christchurch 1881","parasitic invertebrates; hookworm; tropical disease; colonial medicine","wooden box and microscope-slide accession span 2003.96.1, 41-62; exact slide count not inferred","used by; passed down to descendants; held by","wooden box with associated microscope slides preserved through family descent",https://www.canterburymuseum.com/collections,named_collection,late_19c_1870_1899,medical_histology_pathology,personal_research_collection,family_descent,source_stated_quantity_other,user_researcher_teacher;institutional_custodian_cataloguer,,"Derived only from frozen catalogue wording. Low-confidence fields: none. Medium-confidence fields: production_period, unit_level, commercial_or_institutional."
US-SDNHM-HARTSHORN-BOLLES-2000-MID-LATE19C,US,San Diego Natural History Museum,"Hartshorn-Bolles Microscope Slide Collection","mid to late nineteenth-century slide production; Bolles 1836-1914","diatoms; bryozoa; minerals; human and animal histology; insects; mixed natural history","approximately 2000 slides","assembled by; used by; received from; donated by; held by","one wooden cabinet of 50 drawers arranged as two sets of 25; extent about 2000 slides",https://www.sdnhm.org/science/research-library/collections/microscope-slides/,named_collection,spans_19c_periods,diatoms_phycology,institutional_teaching_research,gift_donation_presentation;research_correspondence_sent,physical_slide_count,collector_assembler;user_researcher_teacher;donor_bequeather_depositor;institutional_custodian_cataloguer,CHECK,"Derived only from frozen catalogue wording. Low-confidence fields: none. Medium-confidence fields: production_period, unit_level, commercial_or_institutional."
UK-SMG-VARIOUS-MAKERS-CABINET-1867-1900,UK,Science Museum Group,"Unsigned microscope slide cabinet with large various-maker collection","slides prepared 1867-1900; cabinet dated 1890-1900","animal specimens; geological thin sections; mixed Victorian preparations","large collection; exact slide count unstated","prepared by various makers; grouped in; held by","large slide collection housed in unsigned wooden cabinet 515 x 390 x 325 mm",https://collection.sciencemuseumgroup.org.uk/search/objects?q=microscope%20slide%20cabinet,mixed_parent_collection,mixed_19c_plus_20c,geology_petrography_palaeobotany,institutional_teaching_research,retained_without_explicit_transfer,unstated_or_unresolved,preparer_mounter_producer;collector_assembler;institutional_custodian_cataloguer,,"Derived only from frozen catalogue wording. Low-confidence fields: none. Medium-confidence fields: commercial_or_institutional, circulation_mode, count_namespace."
UK-MANCHESTER-GIBSON-681-1867-1926,UK,Manchester Museum,"Gibson microscope slide collection",1867-1926,"botany; zoology; foraminifera; diatoms; minerals; microscopical preparations","681 slides total; collection dates 1867-1926 and mainly late Victorian 1889-1898; strict pre-1900 subtotal to isolate","prepared by; supplied by; donated by; held by","25 numbered trays of 24-30 slides in glass-fronted mahogany cabinet",https://www.manchester.ac.uk/discover/news/victorian-microscope-slides/,mixed_parent_collection,mixed_19c_plus_20c,botany,hybrid,gift_donation_presentation,current_or_mixed_period_aggregate;physical_slide_count,preparer_mounter_producer;publisher_distributor_seller;donor_bequeather_depositor;institutional_custodian_cataloguer,,"Derived only from frozen catalogue wording. Low-confidence fields: none. Medium-confidence fields: count_namespace."
UK-STANDREWS-BELL-PETTIGREW-SLIDES-C1840,UK,University of St Andrews,"Bell-Pettigrew Zoology microscope slide collection","University plant and animal slide production stated since c.1840; collection continues later","zoology; histology; annelid larvae; porifera; Anoplura; scales; teaching","vast collection; exact total and nineteenth-century subtotal unstated","created by; acquired by; contributed by; used by; held by","glass zoological mounts within a long-lived university teaching collection",https://collections.st-andrews.ac.uk/collections/collection/bell-pettigrew-zoology-microscope-slide-collection/2101746,mixed_parent_collection,mid_19c_1840_1869,zoology_invertebrates,institutional_teaching_research,sale_purchase,unstated_or_unresolved,preparer_mounter_producer;buyer_recipient_donee;user_researcher_teacher;institutional_custodian_cataloguer,,"Derived only from frozen catalogue wording. Low-confidence fields: none. Medium-confidence fields: commercial_or_institutional, count_namespace."
DE-JENA-HAECKEL-MESSINA-RADIOLARIA-1859,DE,Friedrich Schiller University Jena,"Ernst Haeckel Messina radiolarian study slides","Messina material and boxes labelled 1859; Haeckel published 1862","Radiolaria; Messina plankton; original research and type-fixing material","two wooden slide boxes; exact physical slide count not stated in recovered summary; project digitally captured all Messina specimens in the boxes","prepared or studied by; held by; digitised by","two wooden slide boxes labelled Messina 1859; distinct from Haeckel teaching sets",https://www.haeckel-haus.uni-jena.de/en/collections,container_assemblage,mid_19c_1840_1869,foraminifera_protists,institutional_teaching_research,retained_without_explicit_transfer,container_count_or_capacity;unstated_or_unresolved,user_researcher_teacher;institutional_custodian_cataloguer,CHECK,"Derived only from frozen catalogue wording. Low-confidence fields: none. Medium-confidence fields: commercial_or_institutional, circulation_mode, count_namespace."
UK-NHM-HAECKEL-RADIOLARIA-TEACHING-PLANKTON-1872-1887,UK,Natural History Museum London,"Ernst Haeckel radiolarian teaching sets and Challenger plankton slides","Challenger 1872-1876; Haeckel Challenger report 1887; collection nineteenth century","Radiolaria; HMS Challenger; teaching sets; plankton stations","seven sets of 34 teaching slides = 238 teaching slides, plus many plankton radiolarian slides","prepared by; collected from; held by; digitised by","seven replicated 34-slide teaching sets plus plankton slides from Challenger stations",https://www.nhm.ac.uk/our-science/collections/zoology-collections/protists.html,bounded_set,late_19c_1870_1899,foraminifera_protists,institutional_teaching_research,retained_without_explicit_transfer,physical_slide_count,preparer_mounter_producer;institutional_custodian_cataloguer;other_explicit_role,,"Derived only from frozen catalogue wording. Low-confidence fields: none. Medium-confidence fields: commercial_or_institutional, circulation_mode."
UK-NHM-CASTRACANE-CHALLENGER-DIATOM-143-1886,UK,Natural History Museum London,"Francesco Castracane HMS Challenger diatom slide collection","HMS Challenger 1872-1876; Castracane report 1886; collection nineteenth century","diatoms; HMS Challenger; type material; marine microscopy","143 microscope slides","prepared or assembled by; collected from; held by; re-examined by","roughly half single-valve/single-species slides; remaining strewn mounts",https://www.nhm.ac.uk/our-science/collections/botany-collections/diatoms.html,named_collection,late_19c_1870_1899,diatoms_phycology,institutional_teaching_research,retained_without_explicit_transfer,physical_slide_count,user_researcher_teacher;institutional_custodian_cataloguer;other_explicit_role,,"Derived only from frozen catalogue wording. Low-confidence fields: none. Medium-confidence fields: unit_level, commercial_or_institutional, circulation_mode."
NL-BOERHAAVE-YPELAAR-VAN-STAPHORST-800-C1800,NL,Rijksmuseum Boerhaave,"Abraham Ypelaar microscopic-specimen cabinet made for Nicolaas van Staphorst","around 1800","natural history microscopy; three kingdoms of nature; commercial microscopy","originally 800 round specimens in 19 drawers","prepared by; assembled by; acquired by; held by","small mahogany cabinet; 19 drawers; round bone-ring mounts; one material collection",https://rijksmuseumboerhaave.nl/collectie/microscooppreparaten/,container_assemblage,early_19c_1800_1839,general_mixed_microscopy,hybrid,sale_purchase,specimen_object_or_mixed_count;container_count_or_capacity,preparer_mounter_producer;collector_assembler;buyer_recipient_donee;institutional_custodian_cataloguer,CHECK,"Derived only from frozen catalogue wording. Low-confidence fields: none. Medium-confidence fields: subject_cluster, count_namespace."
US-YALE-YPELAAR-LENTZ-24-1808-1811,US,Yale Peabody Museum,"Abraham Ypelaar set of 24 microscope slides",1808-1811,"flora; fauna; minerals; global collecting; Dutch commercial microscopy","24 slides","prepared by; from the collection of; held by","24 circular ivory-mounted specimens in a mahogany slipcase; brass glass and paper",https://peabody.yale.edu/explore/collections/history-science-technology/lentz-collection,bounded_set,early_19c_1800_1839,geology_petrography_palaeobotany,commercial_trade,retained_without_explicit_transfer,physical_slide_count,preparer_mounter_producer;collector_assembler;institutional_custodian_cataloguer,,"Derived only from frozen catalogue wording. Low-confidence fields: none. Medium-confidence fields: commercial_or_institutional, circulation_mode."
UK-RCSED-MICROSCOPIC-PREPARATIONS-1850,UK,Royal College of Surgeons of Edinburgh,"Earliest RCSEd microscopic preparation collection","earliest preparations 1850; microscopic work documented from mid nineteenth century","pathology; anatomy; museum microscopy; institutional collection","number unstated; earliest surviving preparations date from 1850","prepared by uncertain; held by","historical microscopic preparations later developed into a separate museum collection",https://museum.rcsed.ac.uk/the-collections/pathology,institutional_layer,mid_19c_1840_1869,medical_histology_pathology,institutional_teaching_research,retained_without_explicit_transfer,source_stated_quantity_other,institutional_custodian_cataloguer;attributed_or_uncertain,,"Derived only from frozen catalogue wording. Low-confidence fields: none. Medium-confidence fields: unit_level, commercial_or_institutional, circulation_mode."
UK-NHM-THYSANOPTERA-WALKER-SLIDES-PRE1874,UK,Natural History Museum London,"Francis Walker foundation layer of the Thysanoptera microscope-slide collection","collection started by Francis Walker, who died 1874; later expanded","Thysanoptera; entomology; taxonomic slide preparations; type material","112000 Thysanoptera specimens today; collection consists mostly of microscope slide preparations; nineteenth-century slide subtotal unstated","collection started by; mounted as; held by; digitised by","mostly Canada-balsam microscope slide preparations; current slide records later expanded",https://www.nhm.ac.uk/our-science/collections/entomology-collections/thysanoptera.html,mixed_parent_collection,late_19c_1870_1899,entomology_arthropods,institutional_teaching_research,retained_without_explicit_transfer,current_or_mixed_period_aggregate;specimen_object_or_mixed_count;unstated_or_unresolved,collector_assembler;institutional_custodian_cataloguer;other_explicit_role,CHECK,"Derived only from frozen catalogue wording. Low-confidence fields: none. Medium-confidence fields: commercial_or_institutional, circulation_mode, count_namespace."
US-NMNH-ALBERT-MANN-DIATOM-8000-1890S-1935,US,Smithsonian National Museum of Natural History,"Albert Mann Diatom Collection","explicit mounted-specimen work published 1894 from Albatross material; collection continued to 1935","diatoms; Albatross deep-sea dredgings; marine microscopy; research and reference","approximately 8000 slides of mounted specimens at 1944 accession; collection also contained over 10000 crude samples, over 200 negatives and 300 lantern slides","prepared by; used by; transferred from; received by; held by","microscope slides kept as a distinct medium alongside crude samples negatives and lantern slides",https://naturalhistory.si.edu/research/botany/collections-and-data/diatoms,mixed_parent_collection,late_19c_1870_1899,diatoms_phycology,institutional_teaching_research,institutional_transfer_deposit;research_correspondence_sent,physical_slide_count;specimen_object_or_mixed_count,preparer_mounter_producer;user_researcher_teacher;buyer_recipient_donee;institutional_custodian_cataloguer,CHECK,"Derived only from frozen catalogue wording. Low-confidence fields: none. Medium-confidence fields: production_period, commercial_or_institutional, count_namespace."
NZ-NATL-MANTELL-10-1820S-1840S,NZ,National Library of New Zealand Alexander Turnbull Library,"G. A. Mantell microscope slides and geological specimens","1820s-1840s","geology; botany; zoology; pathology; microfossils; early Victorian microscopy","10 microscope slides","collected by; presented to; from the collection of; held by","ten microscope slides in a leather-bound case with metal badge bearing Mantell's name",https://natlib.govt.nz/records/22672195,bounded_set,spans_19c_periods,geology_petrography_palaeobotany,personal_research_collection,gift_donation_presentation,physical_slide_count,collector_assembler;institutional_custodian_cataloguer,CHECK,"Derived only from frozen catalogue wording. Low-confidence fields: none. Medium-confidence fields: production_period, commercial_or_institutional."
IE-BIRR-WATSON-SLIDE-CABINET-1882-1900,IE,Birr Castle Science Centre,"Late-nineteenth-century microscope-slide cabinet with W. Watson & Sons material","late nineteenth to early twentieth century; W. Watson & Sons founded 1837","mostly biological microscope preparations; commercial slide supply; Irish landed-estate scientific collecting","cabinet has 19 drawers each designed for 16 slides; actual surviving slide count unstated","prepared or supplied by; housed in; held by","glazed mahogany case 310 x 262 x 259 mm with 19 drawers; each drawer holds up to 16 slides",https://birrcastle.com/science/,mixed_parent_collection,mixed_19c_plus_20c,general_mixed_microscopy,commercial_trade,retained_without_explicit_transfer,container_count_or_capacity;unstated_or_unresolved,institutional_custodian_cataloguer;other_explicit_role,CHECK,"Derived only from frozen catalogue wording. Low-confidence fields: none. Medium-confidence fields: subject_cluster, commercial_or_institutional, circulation_mode, count_namespace."
SE-NRM-PT-CLEVE-DIATOM-PREPS-19C,SE,Swedish Museum of Natural History,"Per Teodor Cleve diatom microscope-preparation collection","second half of the nineteenth century; Cleve 1840-1905","diatoms; marine and freshwater algae; polar and exploratory collections","large collection; exact slide/preparation count unstated in official overview","collected by; prepared or assembled by; donated by; held by","large personal collection of microscope preparations together with provenance documentation",https://www.nrm.se/english/researchandcollections/botany/collections/diatoms.html,named_collection,late_19c_1870_1899,diatoms_phycology,personal_research_collection,gift_donation_presentation,unstated_or_unresolved,collector_assembler;donor_bequeather_depositor;institutional_custodian_cataloguer,,"Derived only from frozen catalogue wording. Low-confidence fields: none. Medium-confidence fields: production_period, unit_level, commercial_or_institutional, count_namespace."
UK-OXFORD-OXF-PALAEOBOT-115-LATE19C,UK,Oxford University Herbaria,"Palaeobotox palaeobotanical microscope-slide collection","allied fossil collection explicitly associated with late nineteenth-century teaching and research","palaeobotany; fossil plants; coal balls; Rhynie Chert; teaching and research","115 slides today; 101 acquired before 1912, 12 acquired 1929, 2 uncertain; nine apparently lost; exact nineteenth-century subtotal to isolate","prepared by; acquired by; used by; held by","thin-section slide corpus; 113 slides accompanied by separate notebook",https://herbaria.plants.ox.ac.uk/bol/palaeobotany,mixed_parent_collection,late_19c_1870_1899,geology_petrography_palaeobotany,institutional_teaching_research,sale_purchase,current_or_mixed_period_aggregate;physical_slide_count,preparer_mounter_producer;buyer_recipient_donee;user_researcher_teacher;institutional_custodian_cataloguer,CHECK,"Derived only from frozen catalogue wording. Low-confidence fields: none. Medium-confidence fields: production_period, commercial_or_institutional, count_namespace."
ES-MNCN-ARTHROPODS-LOCATED-10000-MIXED-19C,ES,Museo Nacional de Ciencias Naturales,"Recently located microscopic-preparation batch within the Arthropod Collection","late nineteenth century with a smaller/unspecified current-author layer","arthropods; crustaceans; mouthparts; diagnostic microscopic structures","more than 10000 recently located preparations explicitly associated with the end of the nineteenth century and, in part, some current author collections; pure nineteenth-century subtotal unresolved","held by; collected by; catalogued by","microscopic preparations form 6.2% of current Decapoda holdings before recovery; batch is mixed historical/current",https://www.mncn.csic.es/es/colecciones/entomologia,mixed_parent_collection,late_19c_1870_1899,entomology_arthropods,unclear,retained_without_explicit_transfer,current_or_mixed_period_aggregate;preparation_or_thin_section_count;unstated_or_unresolved,collector_assembler;institutional_custodian_cataloguer,REVIEW,"Derived only from frozen catalogue wording. Low-confidence fields: commercial_or_institutional. Medium-confidence fields: production_period, circulation_mode, count_namespace."
ES-MNCN-SPONGE-MICROSLIDES-350-LATE19C,ES,Museo Nacional de Ciencias Naturales,"Late-nineteenth-century historical sponge microscope-slide collection","last quarter nineteenth century; most microscopic slides pre-1900 with recovery extending into early twentieth","Porifera; sponge histology and anatomy; marine stations; taxonomy","about 350 late-nineteenth-century sponge samples, more than 90% microscopic preparations; separate recovery project located more than 400 late-nineteenth/early-twentieth-century microscopic slides","prepared by; collected by; held by; recovered by","microscope slides with labels attached to glass; about 40 contemporary boxes survive",https://www.mncn.csic.es/es/colecciones/invertebrados,mixed_parent_collection,late_19c_1870_1899,zoology_invertebrates,unclear,retained_without_explicit_transfer,preparation_or_thin_section_count,preparer_mounter_producer;collector_assembler;institutional_custodian_cataloguer,REVIEW,"Derived only from frozen catalogue wording. Low-confidence fields: commercial_or_institutional. Medium-confidence fields: production_period, circulation_mode."
ES-IES-SAN-ISIDRO-MICROPREPS-19C,ES,Instituto San Isidro,"Nineteenth-century microscopic-preparation teaching collection","nineteenth century; microscope now displayed is early twentieth century","natural history; school science teaching; histology/microscopy","collection explicitly described; exact preparation count unstated","used by; held by; catalogued by","historical teaching preparation collection retained within Natural History cabinet",https://www.educa2.madrid.org/web/ies-san-isidro/museo,institutional_layer,19c_unspecified,medical_histology_pathology,institutional_teaching_research,retained_without_explicit_transfer,unstated_or_unresolved,user_researcher_teacher;institutional_custodian_cataloguer,,"Derived only from frozen catalogue wording. Low-confidence fields: none. Medium-confidence fields: unit_level, commercial_or_institutional, circulation_mode, count_namespace."
AU-MV-WM-BALE-HYDROID-MICROSLIDES-1882-1894,AU,Museums Victoria,"W. M. Bale nineteenth-century hydroid microslide subset","explicit surviving microslide records dated/identified 1882-1894","Hydrozoa; hydroids; type specimens; Australian marine zoology","multiple individually catalogued nineteenth-century syntype/holotype microslides identified 1882-1894; exact historical slide total to query","identified by; collected by; from the collection of; held by","glass microslides with handwritten/printed end labels; museum image documents multiple specimens per slide in some cases",https://collections.museumsvictoria.com.au/search?query=Bale%20microslide,named_collection,late_19c_1870_1899,zoology_invertebrates,personal_research_collection,retained_without_explicit_transfer,unstated_or_unresolved,collector_assembler;institutional_custodian_cataloguer;other_explicit_role,,"Derived only from frozen catalogue wording. Low-confidence fields: none. Medium-confidence fields: unit_level, commercial_or_institutional, circulation_mode, count_namespace."
IT-VENICE-TROIS-MICROSLIDES-1866-1899,IT,Museo di Storia Naturale di Venezia,"Enrico Filippo Trois comparative-anatomy microscope-slide collection","Trois produced the collection from 1866 to 1918; strict subset 1866-1899","comparative anatomy; Adriatic fishes; vertebrates; invertebrates; teaching and research","more than 2000 anatomical preparations overall in Trois collection; three preparation media include microscope slides; exact slide count and strict pre-1900 subtotal unstated","prepared by; transferred from; held by","dry preparations fluid preparations and microscope slides kept as distinct media within collection",https://msn.visitmuve.it/en/the-museum/collections/,mixed_parent_collection,mixed_19c_plus_20c,medical_histology_pathology,institutional_teaching_research,institutional_transfer_deposit,current_or_mixed_period_aggregate;preparation_or_thin_section_count;unstated_or_unresolved,preparer_mounter_producer;institutional_custodian_cataloguer,CHECK,"Derived only from frozen catalogue wording. Low-confidence fields: none. Medium-confidence fields: commercial_or_institutional, count_namespace."
FR-MNHN-PAUL-GERVAIS-FISH-HISTOLOGY-1870S,FR,"Muséum national d'Histoire naturelle, Paris","Paul Gervais vertebrate-skeleton histological thin-section collection","Gervais held the Comparative Anatomy chair 1868-1879; surviving fish series linked to 1870s work","fish skeletal histology; teeth; cartilage; bone; comparative anatomy","40 fish skeletal thin sections are explicitly stated still present in MNHN; a separate paleohistological corpus of extant and fossil eggshell teeth and bone also survives but is not merged into this count","prepared by; used by; held by","undecalcified skeletal thin sections; surviving fish series forms one bounded layer",https://www.mnhn.fr/en/collection/comparative-anatomy,named_collection,spans_19c_periods,medical_histology_pathology,institutional_teaching_research,retained_without_explicit_transfer,preparation_or_thin_section_count,preparer_mounter_producer;user_researcher_teacher;institutional_custodian_cataloguer,CHECK,"Derived only from frozen catalogue wording. Low-confidence fields: none. Medium-confidence fields: unit_level, production_period, commercial_or_institutional, circulation_mode."
PT-COIMBRA-KRANTZ-THIN-SECTIONS-250-1897,PT,University of Coimbra Science Museum,"Krantz teaching collection of rock thin sections","commercial catalogue preface dated May 1897; exact Coimbra acquisition within late nineteenth century","petrography; igneous rocks; metamorphic rocks; polarising microscopy; teaching","248 thin sections survive from 250 original; 225 igneous and 25 metamorphic in original set","produced by; from the collection of; used by; held by","numbered rock thin-section teaching set; original optional hand specimens survive separately",https://www.museudaciencia.org/index.php?module=content&option=collections,named_collection,late_19c_1870_1899,geology_petrography_palaeobotany,hybrid,retained_without_explicit_transfer,preparation_or_thin_section_count,preparer_mounter_producer;collector_assembler;user_researcher_teacher;institutional_custodian_cataloguer,,"Derived only from frozen catalogue wording. Low-confidence fields: none. Medium-confidence fields: unit_level, circulation_mode."
CH-UZH-BAUER-ICHTHYOSAUR-9-1898,CH,University of Zurich,"Franz Bauer 1898 ichthyosaur tooth thin sections","prepared for Bauer's 1898 doctoral thesis in Munich; retained/transferred later","ichthyosaur teeth; vertebrate paleohistology; Upper Jurassic; dissertation research","9 late-nineteenth-century petrographic slides","prepared by; used by; transferred from; held by","eight serial sections from one tooth under BSPG AS XIX 504a-h plus one additional fragment section",https://www.pim.uzh.ch/en/collections.html,bounded_set,late_19c_1870_1899,medical_histology_pathology,institutional_teaching_research,institutional_transfer_deposit,physical_slide_count,preparer_mounter_producer;user_researcher_teacher;institutional_custodian_cataloguer,,"Derived only from frozen catalogue wording. Low-confidence fields: none. Medium-confidence fields: commercial_or_institutional."
IT-PORTICI-ACHILLE-COSTA-MITE-1000-1876-1898,IT,University of Naples Federico II Museum of Entomology Filippo Silvestri,"Achille Costa mite microscopic-preparation collection","collection formation at Portici begins in 1876 when Costa's material moved there; strict subset before 1899","mites; acarology; agricultural entomology; zoology; nineteenth-century museum formation","about 1000 microscopic preparations of mites attributed to Costa","assembled by; used by; held by","microscopic-preparation collection within broader entomological and zoological holdings",https://www.musei.unina.it/museo-entomologico/,named_collection,late_19c_1870_1899,entomology_arthropods,institutional_teaching_research,retained_without_explicit_transfer,preparation_or_thin_section_count,collector_assembler;user_researcher_teacher;institutional_custodian_cataloguer,,"Derived only from frozen catalogue wording. Low-confidence fields: none. Medium-confidence fields: unit_level, commercial_or_institutional, circulation_mode."
RU-SPBSU-ZOOTOMY-MICROPREPS-1896,RU,Saint Petersburg State University,"Historical zoological microscopic-preparation collection formed under university teaching","collection began to be created in the mid-nineteenth century; explicit 1896 layers; later expansion","protists; invertebrates; histological sections; comparative anatomy; teaching","current sections include Red collection 1870 preparations Blue collection 1300 personal thematic collections about 5000 and Green teaching collection over 10000; nineteenth-century subtotal unresolved","assembled by; used by; held by; catalogued by","multiple historically layered preparation sections including Red Blue and Green groups",https://bio.spbu.ru/museum/,mixed_parent_collection,mid_19c_1840_1869,foraminifera_protists,institutional_teaching_research,retained_without_explicit_transfer,current_or_mixed_period_aggregate;preparation_or_thin_section_count;unstated_or_unresolved,collector_assembler;user_researcher_teacher;institutional_custodian_cataloguer,CHECK,"Derived only from frozen catalogue wording. Low-confidence fields: none. Medium-confidence fields: production_period, commercial_or_institutional, circulation_mode, count_namespace."
UK-NHM-DEBY-DIATOM-12541-1893,UK,Natural History Museum London,"Julien Marc Deby diatom microscope-preparation collection purchased in 1893","Deby collection purchased 1893; component sets and personal preparations nineteenth century","diatoms; systematic reference series; spread slides; type slides","12541 microscopic preparations purchased in 1893","assembled by; from the collection of; purchased by; held by","large historical slide collection combining systematic series spread slides and personal preparations",https://www.nhm.ac.uk/our-science/collections/botany-collections/diatoms.html,named_collection,late_19c_1870_1899,diatoms_phycology,institutional_teaching_research,sale_purchase,preparation_or_thin_section_count,collector_assembler;buyer_recipient_donee;institutional_custodian_cataloguer,,"Derived only from frozen catalogue wording. Low-confidence fields: none. Medium-confidence fields: unit_level, commercial_or_institutional."
IT-TURIN-GIACOMINI-HISTOLOGY-1881-1898,IT,University of Turin,"Carlo Giacomini microscopic nervous-system and embryological section collection","microscopic nervous-system research active from 1881; explicit preparations through 1898","neuroanatomy; embryology; nervous-system histology; serial/whole sections","hundreds of whole-brain and spinal-cord sections are reported in the museum; additional embryo-linked histological preparations survive; exact glass-slide subtotal unstated","prepared by; used by; catalogued by; held by","hundreds of in-toto brain/spinal-cord sections in a purpose-built histological collection",https://www.museoanatomia.unito.it/en/collections,named_collection,late_19c_1870_1899,medical_histology_pathology,institutional_teaching_research,retained_without_explicit_transfer,unstated_or_unresolved,preparer_mounter_producer;user_researcher_teacher;institutional_custodian_cataloguer,,"Derived only from frozen catalogue wording. Low-confidence fields: none. Medium-confidence fields: unit_level, commercial_or_institutional, circulation_mode, count_namespace."
IT-MILAN-VETERINARY-HISTOLOGY-MID19C,IT,University of Milan Veterinary Museum,"Veterinary histological preparation collection formed from the mid-nineteenth century","from the mid-nineteenth century onward; strict subset nineteenth century","veterinary anatomy; mammal and bird histology; teaching; pathology","histological preparations explicitly collected from the middle of the nineteenth century; museum overall holds more than 1500 mixed anatomical preparations","collected by; used by; held by","histological preparations retained alongside myological statues mummies skeletons and mixed anatomy material",https://www.unimi.it/en/university/heritage/museums-and-collections/veterinary-museum,mixed_parent_collection,mid_19c_1840_1869,medical_histology_pathology,institutional_teaching_research,retained_without_explicit_transfer,current_or_mixed_period_aggregate;preparation_or_thin_section_count,collector_assembler;user_researcher_teacher;institutional_custodian_cataloguer,CHECK,"Derived only from frozen catalogue wording. Low-confidence fields: none. Medium-confidence fields: production_period, commercial_or_institutional, circulation_mode, count_namespace."
IT-SIENA-GABBRIELLI-BARTH-HISTOLOGY-19C,IT,University of Siena Anatomical Museum,"Gabbrielli gift and Barth Leipzig purchased microscopic/histological teaching preparations","museum formation from 1850/1862; microscopic and histological preparations nineteenth century","human anatomy; histology; university teaching; commercial preparations","one series of microscopic preparations donated by Salvadore Gabbrielli plus about 100 histological preparations purchased from Barth of Leipzig; exact current survivor count unresolved","donated by; purchased from; used by; held by","microscopic preparations retained with period histotheques in a reconstructed teaching collection",https://www.simus.unisi.it/en/museums/anatomical-museum/,named_collection,spans_19c_periods,medical_histology_pathology,hybrid,sale_purchase;gift_donation_presentation,preparation_or_thin_section_count;unstated_or_unresolved,user_researcher_teacher;donor_bequeather_depositor;institutional_custodian_cataloguer,CHECK,"Derived only from frozen catalogue wording. Low-confidence fields: none. Medium-confidence fields: production_period, unit_level, count_namespace."
FR-STRASBOURG-OSCAR-SCHMIDT-SPICULE-497-1860S-1880S,FR,Université de Strasbourg EOST,"Oscar Schmidt sponge fibre and spicule microscope-slide collection","Schmidt sponge work from the 1860s through 1880; slides nineteenth century","Porifera; sponge spicules; fibres; taxonomy; type material; comparative zoology","497 Schmidt-made glass slides in the main Strasbourg slide collection","prepared by; used by; exchanged by; transported by; held by","short-format glass slides about 4.6 x 2.7 cm with thick paper labels or direct ink annotations",https://eost.unistra.fr/en/museums-and-collections/,named_collection,spans_19c_periods,zoology_invertebrates,institutional_teaching_research,exchange_distribution,physical_slide_count,preparer_mounter_producer;user_researcher_teacher;sender_exchanger_transporter;institutional_custodian_cataloguer,CHECK,"Derived only from frozen catalogue wording. Low-confidence fields: none. Medium-confidence fields: production_period, unit_level, commercial_or_institutional."
FR-MNHN-OSCAR-SCHMIDT-SPICULE-14-19C,FR,"Muséum national d'Histoire naturelle, Paris","Oscar Schmidt sponge spicule slides in Paris","nineteenth century; Schmidt worked on Paris sponge material","Porifera; sponge spicules; fibres; taxonomic comparison; type material","14 Schmidt slides in MNHN Paris reported by direct cross-institution study","prepared by; transported or exchanged to; held by","short-format Schmidt glass slides with characteristic handwritten labels",https://www.mnhn.fr/en/collection/invertebrates,named_collection,19c_unspecified,zoology_invertebrates,unclear,retained_without_explicit_transfer,physical_slide_count,preparer_mounter_producer;institutional_custodian_cataloguer,REVIEW,"Derived only from frozen catalogue wording. Low-confidence fields: commercial_or_institutional. Medium-confidence fields: unit_level, circulation_mode."
DK-NHMD-OSCAR-SCHMIDT-SPICULE-94-19C,DK,Natural History Museum of Denmark,"Oscar Schmidt sponge spicule slides in Copenhagen","nineteenth century; Schmidt's sponge work and transnational exchange","Porifera; sponge spicules; fibres; taxonomy; North Atlantic and Mediterranean material","94 Schmidt slides in Copenhagen reported by current study","prepared by; exchanged or transported to; held by","short-format Schmidt glass slides with characteristic labels; related material distributed across European collections",https://snm.ku.dk/english/collections/,named_collection,19c_unspecified,zoology_invertebrates,unclear,retained_without_explicit_transfer,physical_slide_count,preparer_mounter_producer;institutional_custodian_cataloguer,REVIEW,"Derived only from frozen catalogue wording. Low-confidence fields: commercial_or_institutional. Medium-confidence fields: unit_level, circulation_mode."
US-HARVARD-FARLOW-CHEEVER-10000-MIXED-19C,US,"Farlow Herbarium, Harvard University","Clarence A. Cheever diatom slide collection","mixed historical collection; public shelf lists contain nineteenth-century makers and later material","diatoms; global localities; commercial and amateur mounters; modern shelf order","about 10000 slides today; strict nineteenth-century subtotal to isolate","from the collection of; prepared by named makers; incorporated into; held by","forty box units B1-B40; item positions preserved in online shelf lists",https://diatoms.hsites.harvard.edu/collections/clarence-cheever,mixed_parent_collection,mixed_19c_plus_20c,diatoms_phycology,institutional_teaching_research,institutional_transfer_deposit,current_or_mixed_period_aggregate;physical_slide_count,preparer_mounter_producer;collector_assembler;institutional_custodian_cataloguer,CHECK,"Derived only from frozen catalogue wording. Low-confidence fields: none. Medium-confidence fields: commercial_or_institutional, count_namespace."
UK-DICK-BLACKWOOD-PETROGRAPHIC-1000-PRE1893,UK,Dick Institute Kilmarnock,"James Blackwood rock thin-section microscope-slide collection","Blackwood returned to Kilmarnock about 1860 and died in 1893; collection nineteenth century","petrography; mineralogy; Scottish rocks; optical microscopy; local collecting","1000 microscope slides linked to about 1500 rock and mineral specimens","prepared or commissioned by; linked to; collected by; held by","1000 thin-section slides physically linked to rock/mineral collection; local museum storage",https://eastayrshireleisure.com/venues/dick-institute/museum-collections/,named_collection,spans_19c_periods,geology_petrography_palaeobotany,personal_research_collection,retained_without_explicit_transfer,physical_slide_count;specimen_object_or_mixed_count,collector_assembler;institutional_custodian_cataloguer;other_explicit_role,CHECK,"Derived only from frozen catalogue wording. Low-confidence fields: none. Medium-confidence fields: production_period, unit_level, commercial_or_institutional, circulation_mode, count_namespace."
UK-NMS-PEACH-PETTYCUR-30-1871,UK,National Museums Scotland,"Charles W. Peach Pettycur palaeobotanical glass thin-section slides","1871 Pettycur slides; Peach palaeobotanical work concentrated in nineteenth century","palaeobotany; permineralised Carboniferous plants; Pettycur; research specimens","30 Pettycur glass slides dated 1871; additional Peach palaeobotanical and marine-biological slides survive separately","prepared by; labelled by; retained in; rediscovered in; accessioned by","30 irregular glass slides of varying shapes and sizes rather than standard one-inch-by-three-inch mounts",https://www.nms.ac.uk/explore-our-collections/stories/natural-sciences/microscope-slides/,bounded_set,late_19c_1870_1899,geology_petrography_palaeobotany,institutional_teaching_research,institutional_transfer_deposit,physical_slide_count,preparer_mounter_producer;institutional_custodian_cataloguer;other_explicit_role,,"Derived only from frozen catalogue wording. Low-confidence fields: none. Medium-confidence fields: commercial_or_institutional."
UK-SMG-JE-WILSON-DENTAL-SLIDES-1855-1865,UK,Science Museum Group,"Glass slides used by J. E. Wilson at Manchester Dental Hospital",1855-1865,"dentistry; dental anatomy/pathology; medical teaching and microscopy","plural glass slides; exact count unstated","used by; from; held by","glass-slide batch catalogued as one museum object; human-remains inventory context",https://collection.sciencemuseumgroup.org.uk/search/objects?q=J.%20E.%20Wilson%20dental%20slides,named_collection,mid_19c_1840_1869,medical_histology_pathology,institutional_teaching_research,retained_without_explicit_transfer,physical_slide_count,user_researcher_teacher;institutional_custodian_cataloguer,,"Derived only from frozen catalogue wording. Low-confidence fields: none. Medium-confidence fields: unit_level, commercial_or_institutional, circulation_mode."
AT-NHMW-GRUNOW-DIATOMS-1899,AT,Naturhistorisches Museum Wien,"Albert Grunow historical diatom slide, sample and drawing collection","nineteenth-century collection; deposited at W in 1899; continued study later","diatoms; phycology; taxonomic types; historical microscopy practice","3278 catalogue sample numbers; ca. 1400 Grunow slides extant; ca. 15000 drawings","assembled by; prepared by Grunow and correspondents; deposited by Grunow; held by","historical and current microscopy slides; unmounted material; herbarium specimens; drawings and notes",https://www.nhm-wien.ac.at/en/research/botany/collections/diatoms,named_collection,late_19c_1870_1899,diatoms_phycology,institutional_teaching_research,institutional_transfer_deposit,physical_slide_count;specimen_object_or_mixed_count,preparer_mounter_producer;collector_assembler;donor_bequeather_depositor;institutional_custodian_cataloguer,CHECK,"Derived only from frozen catalogue wording. Low-confidence fields: none. Medium-confidence fields: production_period, unit_level, commercial_or_institutional, count_namespace."
UK-RBGE-WALKER-ARNOTT-DIATOMS-1850S,UK,Royal Botanic Garden Edinburgh,"G.A. Walker Arnott diatom slides and unmounted material","principally mid-nineteenth century; many isotypes from correspondence exchange","diatoms; taxonomy; isotypes; correspondence exchange; British and global material","large historical collection; exact Walker Arnott slide total unresolved; RBGE whole diatom collection is about 50000 slides dating c.1850-present","assembled by; acquired through correspondence by; transferred from University of Glasgow; held by","numbered Large and Small tube-derived slide sequences; unmounted material and correspondence-linked specimens",https://stories.rbge.org.uk/archives/16825,named_collection,mid_19c_1840_1869,diatoms_phycology,personal_research_collection,institutional_transfer_deposit;research_correspondence_sent,current_or_mixed_period_aggregate;unstated_or_unresolved,collector_assembler;institutional_custodian_cataloguer,CHECK,"Derived only from frozen catalogue wording. Low-confidence fields: none. Medium-confidence fields: production_period, unit_level, commercial_or_institutional, count_namespace."
UK-CAM-SEDGWICK-HARKER-PETROLOGY-1880S,UK,Sedgwick Museum of Earth Sciences University of Cambridge,"Igneous and Metamorphic Petrology (Harker) Collection","collection begun in the 1880s and expanded for more than a century","igneous and metamorphic petrology; rock thin sections; teaching and research","current mixed-period Harker Collection about 160000 hand specimens and 250000 thin sections; nineteenth-century thin-section subtotal unresolved","assembled by; curated by Alfred Harker; held by University of Cambridge","large paired hand-specimen and thin-section research collection; current total spans later acquisitions",https://www.sedgwickmuseum.cam.ac.uk/collections/petrology,mixed_parent_collection,late_19c_1870_1899,geology_petrography_palaeobotany,institutional_teaching_research,retained_without_explicit_transfer,current_or_mixed_period_aggregate;preparation_or_thin_section_count,collector_assembler;institutional_custodian_cataloguer;other_explicit_role,CHECK,"Derived only from frozen catalogue wording. Low-confidence fields: none. Medium-confidence fields: production_period, commercial_or_institutional, circulation_mode, count_namespace."
UK-OXFORD-DUNN-SUTCLIFFE-RITCHIE-1897,UK,University of Oxford,"Percy Temple Sutcliffe / James Ritchie early pathology teaching microscope slides","practical pathology course documented from Michaelmas 1897; collection spans later teaching","pathology; histology; inflammation; thrombosis; degeneration; practical medical teaching","about 300 microscope slides in the rediscovered Sutcliffe collection; exact pre-1900 subtotal unresolved","used by early Oxford pathology students; held by Percy Temple Sutcliffe; rediscovered by; held by","approximately 300 labelled glass microscope slides preserved as a personal/student collection",https://www.path.ox.ac.uk/content/history-pathology-oxford,mixed_parent_collection,late_19c_1870_1899,medical_histology_pathology,institutional_teaching_research,retained_without_explicit_transfer,current_or_mixed_period_aggregate;physical_slide_count,user_researcher_teacher;institutional_custodian_cataloguer,CHECK,"Derived only from frozen catalogue wording. Low-confidence fields: none. Medium-confidence fields: production_period, commercial_or_institutional, circulation_mode, count_namespace."
UK-BGS-HOOKER-NICOL-FOSSIL-WOOD-1846,UK,British Geological Survey,"Joseph D. Hooker 'unregistered fossil plants' early fossil-wood thin-section collection","late 1820s-1846 core; named sections dated 1831 and 1834; later institutional custody","fossil wood; palaeobotany; early petrography; thin-section technique","hundreds of thin sections in the rediscovered collection; at least thirty from Henry Witham's former museum explicitly noted","assembled by Hooker; prepared by Nicol and other slide-makers; exchanged with; transferred to; rediscovered by; held by","hundreds of thin fossil-wood sections attached to glass with Canada balsam; mixed makers and provenance labels",https://earthwise.bgs.ac.uk/index.php/Joseph_Dalton_Hooker_fossil_wood_collection,named_collection,spans_19c_periods,geology_petrography_palaeobotany,institutional_teaching_research,exchange_distribution;institutional_transfer_deposit,preparation_or_thin_section_count,preparer_mounter_producer;collector_assembler;institutional_custodian_cataloguer;other_explicit_role,CHECK,"Derived only from frozen catalogue wording. Low-confidence fields: none. Medium-confidence fields: production_period, unit_level, commercial_or_institutional."
UK-GLA-HUNTERIAN-HEDDLE-THINSECTIONS-1850-1880,UK,"The Hunterian, University of Glasgow","Matthew Forster Heddle geological microscope-slide collection within the Hunterian","explicit Blarney thin section probably 1850-1880; Heddle collection principally nineteenth century","petrology; mineralogy; rock thin sections; historic monuments; Scottish geology","Heddle subset count unresolved within approximately 40000 geological microscope slides at the Hunterian; explicit Blarney and Stonehenge thin sections survive","assembled by Heddle; collected by; possibly prepared by Heddle or others; held by","thin rock and mineral sections on glass within a much larger geological slide collection",https://www.gla.ac.uk/hunterian/collections/geology/,mixed_parent_collection,spans_19c_periods,geology_petrography_palaeobotany,personal_research_collection,retained_without_explicit_transfer,current_or_mixed_period_aggregate;physical_slide_count,collector_assembler;institutional_custodian_cataloguer;attributed_or_uncertain,CHECK,"Derived only from frozen catalogue wording. Low-confidence fields: none. Medium-confidence fields: production_period, commercial_or_institutional, circulation_mode, count_namespace."
UK-RCS-TOMES-DENTAL-HISTOLOGY-1838-1900-MIXED,UK,"Hunterian Museum, Royal College of Surgeons of England","Tomes dental histology microscope-slide collection","John preparing tooth sections by 1838 and died 1895; Charles continued into twentieth century; mixed collection","dental histology; comparative dental anatomy; tooth development","about 1880 combined Tomes histology slides in specialist collection history; a current collection summary separately describes about 1800 Charles Tomes slides; strict pre-1900 subtotal unresolved","prepared by; used by; presented to; held by; part of","historical slide trays and originally a glass-fronted Victorian cabinet; mixed John/Charles Tomes layers",https://hunterianmuseum.org/collections/microscope-slides,mixed_parent_collection,mixed_19c_plus_20c,medical_histology_pathology,institutional_teaching_research,gift_donation_presentation,current_or_mixed_period_aggregate;physical_slide_count,preparer_mounter_producer;user_researcher_teacher;institutional_custodian_cataloguer,,"Derived only from frozen catalogue wording. Low-confidence fields: none. Medium-confidence fields: commercial_or_institutional, count_namespace."
DE-RKI-KOCH-MICROPREPARATIONS-1876-1900-MIXED,DE,Robert Koch Institute Museum,"Robert Koch scientific estate microscopic preparations","Koch's bacteriological work spans the late nineteenth century into 1900; strict pre-1900 layer","bacteriology; infectious disease; microscopy; medical microbiology","scientific estate contains several hundred microscopic preparations from Koch's work; exact nineteenth-century subtotal unresolved","from the work of; used by; preserved in the scientific estate of; held by","microscopic preparations preserved with letters manuscripts photographs and related estate material",https://www.rki.de/EN/Content/Institute/Museum/museum_node.html,mixed_parent_collection,mixed_19c_plus_20c,bacteriology_microbiology,institutional_teaching_research,retained_without_explicit_transfer,preparation_or_thin_section_count;unstated_or_unresolved,user_researcher_teacher;institutional_custodian_cataloguer,CHECK,"Derived only from frozen catalogue wording. Low-confidence fields: none. Medium-confidence fields: commercial_or_institutional, circulation_mode, count_namespace."
US-NMHM-AMM-MICROSCOPICAL-SECTION-1865-1899,US,National Museum of Health and Medicine,"Army Medical Museum Microscopical Section historical registers","Microscopical Section registers from 1860s through nineteenth century","pathology; histology; military medicine; infectious disease; specimen registration","official institutional history reports 7,275 specimens in the Microscopical Section by 1876; registers also use section-number ranges, which are identifiers rather than inferred slide counts","prepared for; entered in; referred to; catalogued by; used by; held by","historical registered microscope preparations plus logbooks/catalogues",https://medicalmuseum.health.mil/index.cfm?p=collections.archives.microscopical_section,institutional_layer,spans_19c_periods,medical_histology_pathology,institutional_teaching_research,retained_without_explicit_transfer,serial_or_register_range;specimen_object_or_mixed_count,user_researcher_teacher;institutional_custodian_cataloguer;other_explicit_role,CHECK,"Derived only from frozen catalogue wording. Low-confidence fields: none. Medium-confidence fields: production_period, unit_level, commercial_or_institutional, circulation_mode, count_namespace."
DE-WUERZBURG-BOVERI-ASCARIS-1894-1898,DE,University of Würzburg,"Theodor Boveri original Ascaris microscope slides, 1894-1898",1894-1898,"cell biology; centrosomes; chromosomes; Ascaris embryos; serial sections","more than 600 Boveri original preparations survive overall, but most counted holdings are 1901-1914 sea-urchin work; exact 1894-1898 Ascaris slide subtotal unresolved","prepared by; labelled by; used for; related to; held by","glass microscope slides in labelled cardboard folders; rows of serial sections",https://www.biozentrum.uni-wuerzburg.de/en/cellbio/history/bioveri-collection/,mixed_parent_collection,late_19c_1870_1899,embryology_cell_biology,institutional_teaching_research,retained_without_explicit_transfer,current_or_mixed_period_aggregate;preparation_or_thin_section_count;unstated_or_unresolved,preparer_mounter_producer;user_researcher_teacher;institutional_custodian_cataloguer;other_explicit_role,CHECK,"Derived only from frozen catalogue wording. Low-confidence fields: none. Medium-confidence fields: commercial_or_institutional, circulation_mode, count_namespace."
US-HARVARD-MCZ-DARWIN-DANA-LEPTOGORGIA-PRE1882,US,"Museum of Comparative Zoology, Harvard University","Leptogorgia soft-coral microscope slide sent by Charles Darwin to James D. Dana","before Darwin's death in 1882; exact sending/preparation date unstated","soft corals; Leptogorgia; invertebrate zoology; specimen exchange","one explicitly identified historical slide","sent to; from; held by","single microscope slide within MCZ invertebrate slide collections",https://www.mcz.harvard.edu/microscope-slide-collection,single_slide,late_19c_1870_1899,zoology_invertebrates,unclear,research_correspondence_sent,physical_slide_count,sender_exchanger_transporter;institutional_custodian_cataloguer,REVIEW,"Derived only from frozen catalogue wording. Low-confidence fields: commercial_or_institutional. Medium-confidence fields: production_period."
FR-STRASBOURG-METEORITE-THIN-SECTIONS-1882-C1900,FR,Université de Strasbourg EOST,"Historical meteorite petrographic thin-section collection","historical formation anchored in Cohen's Strasbourg tenure from 1882; extends c.1900","meteorites; petrography; mineralogy; polarised-light microscopy","64 meteorite thin sections identified today; exact nineteenth-century subtotal unresolved","purchased from; prepared in; used for teaching by; assembled under; held by","petrographic meteorite thin sections associated with meteorite reference specimens",https://eost.unistra.fr/en/museums-and-collections/,mixed_parent_collection,late_19c_1870_1899,geology_petrography_palaeobotany,hybrid,sale_purchase,current_or_mixed_period_aggregate;preparation_or_thin_section_count,collector_assembler;user_researcher_teacher;institutional_custodian_cataloguer;other_explicit_role,CHECK,"Derived only from frozen catalogue wording. Low-confidence fields: none. Medium-confidence fields: production_period, count_namespace."
AT-MEDUNI-JOSEPHINUM-WEICHSELBAUM-HISTOPATHOLOGY-1893-MIXED,AT,Medical University of Vienna Josephinum,"Josephinum Weichselbaum-era histopathological section collection","Weichselbaum appointed to the Vienna chair in 1893; nineteenth-century layer within later collection","histopathology; pathological anatomy; bacteriology; microscopic diagnosis","exact slide count and exact pre-1900 subtotal unresolved","from the period of; used for microscopic diagnosis; preserved in; held by","histological tissue-section preparations in the Josephinum medical-history collection",https://www.josephinum.ac.at/en/collections/,mixed_parent_collection,late_19c_1870_1899,medical_histology_pathology,unclear,retained_without_explicit_transfer,unstated_or_unresolved,user_researcher_teacher;institutional_custodian_cataloguer,REVIEW,"Derived only from frozen catalogue wording. Low-confidence fields: commercial_or_institutional. Medium-confidence fields: production_period, circulation_mode, count_namespace."
UK-UCL-GRANT-MUSEUM-HISTORICAL-SLIDES-MID19C-MIXED,UK,UCL Grant Museum of Zoology,"Grant Museum historical microscope-slide teaching collection / Micrarium","mid-nineteenth-century layer explicitly described by UCL; collection continues later","zoology; whole animals; serial/sectioned zoological preparations; teaching and research","Grant Museum holds about 20,000 microscope slides; Micrarium displays about 2,300 (curatorial launch account counted 2,323 microscope slides); exact nineteenth-century subtotal unresolved","bought from slide dealers; used for teaching; used for research; borrowed across UCL; transferred from departments; held by","large teaching-slide collection; Micrarium display subset; historically layered cabinet/group structure",https://blogs.ucl.ac.uk/museums/2014/03/11/the-micrarium/,mixed_parent_collection,mid_19c_1840_1869,zoology_invertebrates,hybrid,institutional_transfer_deposit;loan_borrowing,current_or_mixed_period_aggregate;physical_slide_count;unstated_or_unresolved,user_researcher_teacher;institutional_custodian_cataloguer,CHECK,"Derived only from frozen catalogue wording. Low-confidence fields: none. Medium-confidence fields: production_period, count_namespace."
